document_name,sentence,label
01-Preface-to-Regional-Strategy-Plan.txt,REGIONALSTRATEGYPLAN - PREFACE 1.,
01-Preface-to-Regional-Strategy-Plan.txt,"PREFACE TO REGIONAL STRATEGY PLAN 1.01 Purpose of the Regional Strategy Plan The purpose of the Regional Strategy Plan is to provide clear directions for the future allocation of public and private resources in the Region within a framework determined bythe Government, through its State Planning Policies for the Region.",
01-Preface-to-Regional-Strategy-Plan.txt,"This will enable the needs of the local residents and visitors to be met, while ensuring that State and regional aims are satisfied.",
01-Preface-to-Regional-Strategy-Plan.txt,The Regional Strategy Plan provides the necessary links between broad Government policies and the more specific local planning controls of the Councils withintheRegion.,
01-Preface-to-Regional-Strategy-Plan.txt,The future role of the Regional Strategy plan is to ensure that planning in the Region continues to protect the special character and features of the Region in accordance with thePrinciples ofStatement ofPlanningPolicyNo3.,
01-Preface-to-Regional-Strategy-Plan.txt,TheRegional StrategyPlanapplies toall thelandwithintheShireofYarraRanges.,
01-Preface-to-Regional-Strategy-Plan.txt,"1.02 Background The Upper Yarra Valley and Dandenong Ranges Authority was established with the proclamation, in April 1977, of the Upper Yarra Valley &Dandenong Ranges Authority Act 1976.",
01-Preface-to-Regional-Strategy-Plan.txt,"The Region for which the Authority was responsible comprised the former Shires ofHealesville,Lillydale,SherbrookeandUpperYarra.",
01-Preface-to-Regional-Strategy-Plan.txt,"With local government restructure in December 1994, the Region generally covered the sameareaas themunicipal district oftheYarraRanges Shire.",
01-Preface-to-Regional-Strategy-Plan.txt,"The object of the Upper Yarra Valley and Dandenong Ranges Act was ""to enable increased protection for the special features andcharacter of theRegion"".",
01-Preface-to-Regional-Strategy-Plan.txt,"TheAct also required that the Authorityprepare Regional StrategyPlans to implement amongst other things, State Planning Policies for the Region (in particular, the former Statement of PlanningPolicyNo.3,UpperYarraValleyandDandenongRanges, April 1979).",
01-Preface-to-Regional-Strategy-Plan.txt,The Regional Strategy Plan was prepared by the Authority having regard to the followingmatters (as outlinedinSection13ofits Act):  “The physical economic and social resources of the Region and the management anduseof suchresources.,
01-Preface-to-Regional-Strategy-Plan.txt, The likelihood of development in the Region or use of land in the Region destroying or detrimentally affecting the features or character of the Region and methods by which such development or use of land could be regulated in order topreservesuchfeatures or character.,
01-Preface-to-Regional-Strategy-Plan.txt," Whether provisionof publicservices andutilities withintheRegionareadequate and whether, and if so what, provisions should be made to meet future needs of thecommunity.",
01-Preface-to-Regional-Strategy-Plan.txt,"REGIONALSTRATEGYPLAN - PREFACE  Whether leisure and recreation facilities in the Region are adequate and in particular whether open spaces such as parks, playgrounds and sports grounds within the Region are or will be adequate to meet the future needs of persons living within the Region and persons coming to the Region for recreational purposes.",
01-Preface-to-Regional-Strategy-Plan.txt, Planning schemes prepared by responsible authorities in the Region whether or not suchschemes areinforce.,
01-Preface-to-Regional-Strategy-Plan.txt, Landuseandpotential landusewithintheRegion.,
01-Preface-to-Regional-Strategy-Plan.txt, Whether any part of the Region should be redeveloped or renewed in order to rectify conditions of bad or unsatisfactory location or layout or unhealthy or obsoletedevelopment.,
01-Preface-to-Regional-Strategy-Plan.txt, Whether the subdivision of any land within the Region should be prohibited regulatedor permittedonlysubject toconditions.,
01-Preface-to-Regional-Strategy-Plan.txt," Any areas or buildings of historical or architectural interest, scientific interest, natural beauty or interest or of any other special significance which should be conservedor enhanced.",
01-Preface-to-Regional-Strategy-Plan.txt, Any other matter which in the opinion of the Authority should be considered in order to ensure that the planning of the Region might proceed in the best interests of theresidents of theRegionandthecommunitygenerally.” The Authority was required to re-investigate the Region between four and six years following the approval of a Regional Strategy Plan.,
01-Preface-to-Regional-Strategy-Plan.txt,"This occurred between 1987 and 1989, and resulted in the preparation and approval of a new Regional Strategy Plan (in theform ofAmendment 29).",
01-Preface-to-Regional-Strategy-Plan.txt,After the approval of the Regional Strategy Plan in 1982 the local sections of planning schemes within the Region have been progressively amended to make them consistent with the Regional Strategy Plan and to implement the policies contained within it.,
01-Preface-to-Regional-Strategy-Plan.txt,The future role of the Regional Strategy Plan is to ensure that there is a regional direction to planning in the Region and to provide a vehicle for implementation of State planning policies.,
01-Preface-to-Regional-Strategy-Plan.txt,On the 14th December 1994 the State Government repealed the Authority’s Act and set in motion a process to wind up the activities of the Authority.,
01-Preface-to-Regional-Strategy-Plan.txt,"As a consequence of the Planning Authorities Repeal Act 1994, the Regional Strategy Plan came under the jurisdiction of the Minister for Planning.",
01-Preface-to-Regional-Strategy-Plan.txt,"New provisions under the Planning and Environment Act 1987will provideanon-goingrolefortheRegional StrategyPlan,as a policy document setting ‘regional’ direction for local sections of planning schemes withintheRegion.",
01-Preface-to-Regional-Strategy-Plan.txt,"1.03 Implementation of the Regional Strategy Plan The Regional Strategy Plan, with the repeal of the Authority’s Act, is now prepared, amendedand administeredunderthePlanningandEnvironment Act.",
01-Preface-to-Regional-Strategy-Plan.txt,Section46Fofthe Planning and Environment Act requires that the Minister must not approve an amendment which is inconsistent with the Regional StrategyPlan.,
01-Preface-to-Regional-Strategy-Plan.txt,PlanningAuthorities 2.,
01-Preface-to-Regional-Strategy-Plan.txt,REGIONALSTRATEGYPLAN - PREFACE carrying out amendments to planning schemes must therefore ensure that the amendments are consistent with and implement the policies of the Regional Strategy Plan.,
01-Preface-to-Regional-Strategy-Plan.txt,Planning for all uses and developments in any policy area must reinforce the primary purposeoftheseareas.,
01-Preface-to-Regional-Strategy-Plan.txt,"Section 46G of the Planning and Environment Act requires that no Government Department, Public Authority, or Council may carry out works or undertakings in the Region which are not in conformity with the Regional Strategy Plan.",
01-Preface-to-Regional-Strategy-Plan.txt,These works and undertakings must conform with the land management policies applying within the relevant policyarea.,
01-Preface-to-Regional-Strategy-Plan.txt,Referalso toPublicLandPolicyAreapolicies.,
01-Preface-to-Regional-Strategy-Plan.txt,"1.05 More Restrictive Controls In the event that special local circumstances require more restrictive land use, development or subdivision management controls, a planning authoritymayincorporate such provisions through amendments to its planning scheme, provided that there is no overall conflict withthepolicies andobjectives oftheRegional StrategyPlan.",
01-Preface-to-Regional-Strategy-Plan.txt,"1.06 Incremental Effects Planning authorities, in preparing amendments to the local sections of planning schemes, must ensure that the incremental effects of individual changes to land uses and developments achieve, or do not prejudice, the primary purposes and policies of the policyareas withinwhichtheyoccur.",
01-Preface-to-Regional-Strategy-Plan.txt,"1.07 Meaning of Words and Terms Words used in the Regional Strategy Plan have their common meaning, unless it is inconsistent with the context within which they are being used or unless they are otherwise defined in the Planning and Environment Act 1987, other relevant legislation orintheplanningschemes applyingintheRegion.",
02-The-Region-and-Its-Future.txt,REGIONALSTRATEGYPLAN - THEREGIONANDITSFUTURE 2.,
02-The-Region-and-Its-Future.txt,"THE REGION AND ITS FUTURE 2.01 Introduction The Regional StrategyPlan has been developed within the context of State policyand in the firm conviction that to retain the special features and character of the Region, active and positive planning is required.",
02-The-Region-and-Its-Future.txt,The Upper Yarra Valley and the Dandenong Ranges areanenvironmental precinct ofhighqualityrequiringsensitivepolicies andplanning.,
02-The-Region-and-Its-Future.txt,"The dynamic nature of the Region's natural systems, and the requirements of the residents and visitors, must be recognised and balanced.",
02-The-Region-and-Its-Future.txt,"This involves the specification of objectives for areas and activities, so that more detailed planning can occur within a framework which is acceptable for the preservation of the Region's natural features, and theenhancement ofthelifestyleofits residents andvisitors.",
02-The-Region-and-Its-Future.txt,"2.02 The importance of the Region The Region covers some 2500 square kilometres, between the eastern fringe of metropolitan Melbourne and the catchment of the Thompson River.",
02-The-Region-and-Its-Future.txt,"The Region is important to Melbourne and Victoria because it provides water, agricultural and forest products, scenic landscapes, plant and animal communities, and an extensive range of recreational and tourism opportunities.",
02-The-Region-and-Its-Future.txt,"ThemajorityoftheRegion's 135,000population valuelivingwithinits scenicandbushlandenvironment.",
02-The-Region-and-Its-Future.txt,"The Region supplies about 80% of Melbourne's domestic water requirements, mostly from closedforest catchments intheupperreaches oftheYarraRiverandits tributaries.",
02-The-Region-and-Its-Future.txt,"The Region is an important area for conservation, not only within a metropolitan, but also within a State and national context, as it contains a great diversity of vegetation types, landforms, land uses, and historic and scenic landscapes.",
02-The-Region-and-Its-Future.txt,"These provide a wide range of habitats for birds, animals and plants (many of which are rare or endangered).",
02-The-Region-and-Its-Future.txt,"Theyalso accommodatesites ofcultural,educational andrecreational value.",
02-The-Region-and-Its-Future.txt,Rural activities in the Region are important in the local and Victoria's economy.,
02-The-Region-and-Its-Future.txt,"The Region accounts for over 30% of total Victorian establishments for nurseries, cut flowers and turf growing.",
02-The-Region-and-Its-Future.txt,"Other products important in the Region’s economy include fruit and vegetables, cattle grazing and dairying.",
02-The-Region-and-Its-Future.txt,"Rural activities which are establishing or expanding include cashmere goat and deer farming, production of exotic fruits such as nashi pears and chinese gooseberries (Kiwi Fruit), and the growing of peaches and nuts.",
02-The-Region-and-Its-Future.txt,An expanding wine industry reflects the historical reputation of the Yarra Valley as an ideal location for cool climate vineyards and wineries.,
02-The-Region-and-Its-Future.txt,The Yarra Valley is quickly gainingrecognitionthroughout Australiaandoverseas forthequalityofits wines.,
02-The-Region-and-Its-Future.txt,The Region is a veryimportant tourist asset for Victoria.,
02-The-Region-and-Its-Future.txt,"More than two millionpeople visit the Region each year, making a considerable contribution to the local and regional economy.",
02-The-Region-and-Its-Future.txt,"This contribution will be significantlyincreased bythesensitiveexpansionof facilities, particularlyfortourist accommodation.",
02-The-Region-and-Its-Future.txt,"REGIONALSTRATEGYPLAN - THEREGIONANDITSFUTURE Finally, the residents of the Region value a lifestyle which comes from living in an area less densely populated than metropolitan Melbourne, from a relationship to natural elements that cannot be easily obtained in the suburbs, from an ability to relate to a community of people at a scale where personal identity is facilitated, and from the opportunitytoenjoytheRegion's uniquecultureandtraditions.",
02-The-Region-and-Its-Future.txt,"This Regional Strategy Plan is directed towards the enhancement of those conditions by which the local communities within the Region can thrive and prosper, and in so doing, fullyenjoythevalueoftheirnatural environment.",
02-The-Region-and-Its-Future.txt,"2.03 State Government Planning Policies for the Region The Victorian Government has formulated a number of strategic policies, some of which have particular relevance to the Region and its future.",
02-The-Region-and-Its-Future.txt,"The Regional Strategy Plan, and the local section of planning schemes that implement it, must have regard to thesepolicies.",
02-The-Region-and-Its-Future.txt,The most relevant Government policyto the Region is the former Statement of Planning Policy No.,
02-The-Region-and-Its-Future.txt,"3 - Upper Yarra Valley & Dandenong Ranges Region, now expressed as StatePlanningPolicyfortheRegion.",
02-The-Region-and-Its-Future.txt,The policy aims to contain urban development to a level compatible with conservation of the Region's rich environmental features and with its high standards of amenity.,
02-The-Region-and-Its-Future.txt,"The Regional Strategy Plan is directed towards defining, in a very positive manner, boundaries and principles upon which containment is to be handled.",
02-The-Region-and-Its-Future.txt,It includes specific policies which deal withthetransitionbetweentheRegionandmetropolitanMelbourne.,
02-The-Region-and-Its-Future.txt,"2.04 Land Conservation Council Recognition must be given to the recommendations of the Land Conservation Council, that have been adopted by Government, particularly in its review of the Melbourne Area, District 2, which covers all areas of Public Land within the Region.",
02-The-Region-and-Its-Future.txt,"The Land Conservation Council recommendations, once adopted by the State Government, will specifytherangeoflanduses forPublicLandwithintheRegion.",
02-The-Region-and-Its-Future.txt,2.05 Pressures faced by the Region The Region is facing increasing pressures from a number of directions.,
02-The-Region-and-Its-Future.txt,There is the pressure resulting from metropolitan Melbourne's urban growth to consume more and more valuable agricultural and environmentally sensitive land for housing and urban infrastructure.,
02-The-Region-and-Its-Future.txt,"There is pressure to maintain the viability of agricultural pursuits, be they intensive cropping,broadscalegrazing,mixedand/orpart-timefarming.",
02-The-Region-and-Its-Future.txt,"There are also economic pressures for the Region to protect itself from external and world market fluctuations, and from government economic policy changes, whilst seeking new opportunities for employment, education, recreation, leisure, artistic and cultural development,andtourism.",
02-The-Region-and-Its-Future.txt,"Finally, there is pressure to maintain and protect the Region's unique and scenic landscape features.",
02-The-Region-and-Its-Future.txt,"Its flora and fauna, soil and water resources are constantly under threat from increasinghumanactivities.",
02-The-Region-and-Its-Future.txt,"REGIONALSTRATEGYPLAN - THEREGIONANDITSFUTURE Whilst change is inevitable, it is important that change is managed in a way that will enhance the Region's desirable features.",
02-The-Region-and-Its-Future.txt,"The challenge is to achieve a balance between protecting its natural environmental values and amenity, and developing a comprehensive economic and social infrastructure to adequately service the current and futureneeds oftheRegion's residents andvisitors.",
02-The-Region-and-Its-Future.txt,This challenge will intensifyin future years as new elements and factors are expected to come into effect.,
02-The-Region-and-Its-Future.txt,"These include such items as an aging of the population, increased leisure time of the workforce, an increase in the environmental awareness of the population, a change in employment patterns and family/household composition, and a need for regions to be more self-reliant as necessary structural changes in the State and national economytakeeffect.",
02-The-Region-and-Its-Future.txt,2.06 Vision for the Future Among the most outstanding features of the Region are the beautyof its landscapes and the intrinsic value of its remnant vegetation.,
02-The-Region-and-Its-Future.txt,The recognition of these assets is onlyone step towards their preservation.,
02-The-Region-and-Its-Future.txt,"In order to protect such valuable resources, certain land uses will remain strictly controlled, and appropriate land management practises will be maintainedtoensurethat theirqualityremains unspoiled.",
02-The-Region-and-Its-Future.txt,"If the Region is to establish itself as a sustainable community in economic, social and environmental terms, a number of directions need to be clarified, programs implemented,andsomeinitiatives undertaken.",
02-The-Region-and-Its-Future.txt,"For the Region to develop a sustainable economy in the short to medium term, support will be given to the establishment, maintenance and growth of new local enterprises, thereby expanding employment opportunities for the Region's workforce, and reducing travellingtimeandcosts forresidents havingtofindsuchopportunities elsewhere.",
02-The-Region-and-Its-Future.txt,New and expanded tourism facilities will also be an important contribution to this objective.,
02-The-Region-and-Its-Future.txt,Opportunities for supporting and expanding (where appropriate) the agricultural baseoftheRegionwill also besupported.,
02-The-Region-and-Its-Future.txt,"As part of an overall economic and social development strategy, the establishment of adequate tertiaryeducation opportunities will be encouraged so as to stop the leakage of secondary school graduates (and hence future skilled workforce) from the Region, and to provide new avenues for the Region's workforce to increase and/or diversify their skills.",
02-The-Region-and-Its-Future.txt,"Government Departments, Public Authorities and community groups will be consulted in order to assess the strategic implications of regional land use planning strategies on the provision of physical, transport and human services, and to assist the adequate and equitabledistributionofsuchservices andresources availabletothe Region's residents.",
02-The-Region-and-Its-Future.txt,"REGIONALSTRATEGYPLAN - THEREGIONANDITSFUTURE Finally, in order to maintain control over the way development impacts on the Region's environment, and to assist the provision of anappropriaterangeofservices andfacilities for the Region's residents, a limit to the size of the Region's urban and other residential areas will be set at a level where no further residential development can take place beyondthat whichis providedforintheRegional StrategyPlan.",
03-Township-Policy-Areas-Policy-Areas.txt, Protect Sites ofNatural Significanceand/orSites ofCultural Significance.,
03-Township-Policy-Areas-Policy-Areas.txt,"3.13 Maintenance of landscape character The landscape character of Township Policy Areas must be maintained and enhanced and all use and development must aim to protect important landscape features or viewpoints, and must consider factors such as site characteristics, views and visibility, vegetation retentionandestablishment,design,siting,siteworks andfireprotection.",
03-Township-Policy-Areas-Policy-Areas.txt,The extent and location of Township Policy Areas (shown as Township A and Township B) are shown on Map Series 1.,
03-Township-Policy-Areas-Policy-Areas.txt," Within these areas development must generally be limited to only one dwelling per lot, except for units for dependent/aged persons or the number of houses would not exceed the density of development allowed through subdivision provisions forthezonewithinwhichthelandis situated.",
03-Township-Policy-Areas-Policy-Areas.txt,"The Region's major populated areas are adjacent to its western boundary, and include Lilydale, the predominantly metropolitan urban areas of Chirnside Park, Mooroolbark and Kilsyth and the residential corridor between Upper Ferntree Gully and Belgrave.",
03-Township-Policy-Areas-Policy-Areas.txt,"REGIONALSTRATEGYPLAN - TOWNSHIPPOLICYAREAS Where substantial new subdivision and development is proposed in existing Township Policy Areas, planning authorities are encouraged to develop and implement a ‘local structureplan’,whichshouldinclude:  the location of major land uses, such as residential areas, commercial centres, schools andmajorareas ofpublicopenspace;  a hierarchy of access ways (for motor vehicles, pedestrians and bicycles) with clear distinctions between each type of access, based on function, physical and environmental characteristics of the area, amenity, safety, convenience and trafficvolumes;  an integrated roading access network linking lots to commercial and community centres, openspace,schools andotherfacilities;  the location of utility services in a manner that recognises the importance of remnant vegetation and other natural features, particularly within road reserves, including the location of shared utility trenches and the undergrounding of all electricity,telephoneandotherservices supplyandreticulation;  lots that have areas and dimensions which take into account the need for a variety of lot sizes, private open space, energy conservation, setbacks from roads, room forlandscaping,andadequatebuildingseparation,and  makingmaximum useofexistingfullyservicedareas.",
03-Township-Policy-Areas-Policy-Areas.txt,3.10 Construction of buildings on lots with steep slopes 11.,
03-Township-Policy-Areas-Policy-Areas.txt,Township PolicyAreas include all land shown in the Yarra Ranges Planning Scheme as beingwithintheUrbanGrowthBoundary.,
03-Township-Policy-Areas-Policy-Areas.txt, Thereshouldbepromotionofgoodtownscapedesign.,
03-Township-Policy-Areas-Policy-Areas.txt,"3.07 Policies for development in Township Policy Areas WithinTownshipPolicyAreas thefollowingdevelopment policies must beapplied:  The privacy, health, safety, amenity and convenience of residents must be assured.",
03-Township-Policy-Areas-Policy-Areas.txt,"For those parts of the Region within the direct influence of the metropolitan area, there are considerations which need to be addressed through policies that reflect that influence.",
03-Township-Policy-Areas-Policy-Areas.txt,"While the rural and public land areas of the Region are often the main attractions for visitors, the township areas generally provide the necessaryinfrastructurefortheirphysical needs, as well as fortheneeds ofresidents.",
03-Township-Policy-Areas-Policy-Areas.txt," Development in those parts of Township Policy Areas that have identified high environmental, landscapeor‘natural’values and/orresidential amenity,orwhich are subject to infrastructure or development constraints (such as excessive 10.",
03-Township-Policy-Areas-Policy-Areas.txt,"REGIONALSTRATEGYPLAN - TOWNSHIPPOLICYAREAS 3.14 Subdivision Policies Subdivision, and the provision of utilityservices and works associated with subdivision, must achieve compatibility with the physical and landscape characteristics of the site/area,andmust becarriedout inamannerwhereby:  Each lot created will contain a development envelope which: wholly contains a slope less than 20%; is not affected by a floodplain management area, and can reasonably and safely be used for controlled and limited development, taking intoaccount therisk oflandinstability.",
03-Township-Policy-Areas-Policy-Areas.txt,"Township Policy Areas 3.03 Regional Goals Theregional goals forTownshipPolicyAreas areto:  maintain and enhance the character and environmental quality of townships, protect sites of significance, and control development where land is subject to environmental constraints orcannot besatisfactorilyserviced;  ensure that planning meets community needs, and to provide opportunities for a varietyoflifestyles;  ensure that urban development is contained within the designated Township PolicyAreas;  ensure that where appropriate the utilisation of existing physical and human services is efficient and that provision of new services is adequate and appropriate.",
03-Township-Policy-Areas-Policy-Areas.txt,"Township policies have been developed to ensure efficient use of the existing infrastructure such as roads, railways, sewerage, water supply systems and human services.",
03-Township-Policy-Areas-Policy-Areas.txt," Each lot created is able to be connected to reticulated sewerage facilities, or where reticulated sewerage is not available, is capable of accommodating a satisfactory method of wastewater treatment and effluent disposal, which will ensure that the effluent can be contained within the curtilage of the lot (in compliance with requirements of the relevant State Environment Protection Policy).",
03-Township-Policy-Areas-Policy-Areas.txt,"TheStrategycontains directions andpolicies that apply anUrbanGrowthBoundarytometropolitanMelbourneandtoanumberofrural townships, includingurbanareas withintheUpperYarraValleyandDandenongRanges region,toprevent theencroachment ofurbandevelopment intoGreenWedgeareas.",
03-Township-Policy-Areas-Policy-Areas.txt, Maintainenvironmental andlandscapequalities andresidential amenity.,
03-Township-Policy-Areas-Policy-Areas.txt, Provide a range of lot sizes which allow for the creation of diverse and interestingtownshipareas andtoimprovehousingchoice.,
03-Township-Policy-Areas-Policy-Areas.txt, Ensure that subdivision is of a scale and in locations which will not generate traffic demands that would lower environmental amenity in the localityor in the Region.,
03-Township-Policy-Areas-Policy-Areas.txt,REGIONALSTRATEGYPLAN - TOWNSHIPPOLICYAREAS  containdevelopment withinidentifiedareas;  ensure that new development in townships is compatible with the special characteristics oftheseareas; and  ensure that any development takes into account environmental and servicing constraints andtheneedtomaintainthequalityoflifeofresidents.,
03-Township-Policy-Areas-Policy-Areas.txt,3.14 Subdivision management for Township Policy Areas - Regional Objectives Theregional objectives forsubdivisionoflandwithinTownshipPolicyAreas areto:  Ensure that all subdivision is compatible with the special features and character oftheTownshipPolicyAreas.,
03-Township-Policy-Areas-Policy-Areas.txt,"In areas not identified as having environmental or infrastructure constraints, provision canbemadeforadiversityofdevelopment,includingamorevariedhousingstock.",
03-Township-Policy-Areas-Policy-Areas.txt,"Other areas may possess a high standard of residential amenity, Sites of Natural or Cultural Significance or be areas with high landscapequalities, substantial remnant treecoverorexcessiveslopes orarefloodprone.",
03-Township-Policy-Areas-Policy-Areas.txt,"Where appropriate, advice should be sought from the National Trust of Australia (Victoria) when assessing proposed uses and developments in""classified""or""recorded""landscapes.",
03-Township-Policy-Areas-Policy-Areas.txt,"Where slopes are over 20% information must be provided to enable the minimisation of soil erosion, the protection or enhancement of landscape character and the avoidance of land instability, and to ensure that access to the building is locatedappropriately.",
03-Township-Policy-Areas-Policy-Areas.txt, Adequately control subdivision of land which is subject to environmental constraints and/orwhichcannot beadequatelyserviced.,
03-Township-Policy-Areas-Policy-Areas.txt,"The Region, however must provide opportunities for the enhancement of living for existing communities, and must ensure that facilities and services are available and appropriate to the nature of the communities and to their location on the fringe of metropolitan Melbourne.",
03-Township-Policy-Areas-Policy-Areas.txt,"3.15 Subdivision in the Puffing Billy Railway Primary Scenic Corridor Subdivision in the Puffing Billy Railway Primary Scenic Corridor must be prohibited except:  to allow for the subdivision of an approved building, as provided for by the SubdivisionAct 1989;  for a resubdivision where no additional lots will be created and there is no increaseinthenumberofhouses that maybeconstructed; or  where the subdivision is in accordance with a restructure program for a Special StudyArea.",
03-Township-Policy-Areas-Policy-Areas.txt,"While many of the characteristics of the area are special, in that they are located in the Upper Yarra ValleyandtheDandenongRanges, thegeneral characteris that ofabuilt environment.",
03-Township-Policy-Areas-Policy-Areas.txt,"REGIONALSTRATEGYPLAN - TOWNSHIPPOLICYAREAS  that social and communitymatters including provision of services are addressed, andthemeans ofdeliveringtheservices areidentified.",
03-Township-Policy-Areas-Policy-Areas.txt,"Melbourne2030Urban Growth Boundary TheStateGovernment’s strategyformetropolitanMelbourne,“Melbourne2030”was releasedonthe8October2002.",
03-Township-Policy-Areas-Policy-Areas.txt,REGIONALSTRATEGYPLAN - TOWNSHIPPOLICYAREAS The construction of a building must generally be confined to land which contains a slope of less than 20%.,
03-Township-Policy-Areas-Policy-Areas.txt,"AlthoughshownontheMaps, thedistinction betweenthesepolicyareas is nolongerappliedintheRegional StrategyPlanpolicies.",
03-Township-Policy-Areas-Policy-Areas.txt,"3.09 Lots suitable for construction of buildings Except as provided for by a Study Area provision, the construction of a building in a TownshipPolicyAreamaybeallowedonanylot,provided:  it is connected to reticulated sewerage or is capable of adequately treating and retainingall domesticwastewaterwithintheboundaries ofthelot; and  that any house or building requiring utility services is able to be provided with such services in a manner that will not have an adverse impact on the environment orlandscapeofthearea.",
03-Township-Policy-Areas-Policy-Areas.txt,"It also stipulates that: ""Any net increase in the total provision for residential development in the Policy Area shall be contained within the aims of this Policy.",
03-Township-Policy-Areas-Policy-Areas.txt," Significant natural features, such as watercourses, fern gullies, rock outcrops and remnant native vegetation, will be protected in the design and development of anysubdivision.",
03-Township-Policy-Areas-Policy-Areas.txt,"The policies will also assist to conserve the Region's natural resources, protect the amenity of the Region's residents and provide opportunities for a variety of lifestyles.",
03-Township-Policy-Areas-Policy-Areas.txt, The subdivision is carried out in a manner which protects residential neighbourhoods from throughorheavyvehiculartraffic.,
03-Township-Policy-Areas-Policy-Areas.txt,"3.17 Expansion of Healesville and Yarra Junction Townships The further expansion of the Healesville and Yarra Junction Townships mayonlyoccur whenit has beendemonstrated:  that thereis aneedforfurtherurbandevelopment intheseareas;  that the expansion areas, and the boundaries of land to be protected, are properly mapped, and that the means by which such protection will be achieved is detailed;  how the management of the ecological integrity of the area, including weed control, fire protection, drainage, and prevention of pollution of watercourses will beachieved;  how the retention of the areas of significant remnant vegetation will beachieved, including establishment of linkages to surrounding areas of vegetation; the establishment of substantial areas of tree canopy over service corridors and roads; and details of the means by which these linkages are to be maintained or achieved;  how all proposed development will be provided with reticulated sewerage and other essential services, such as water, roads, drainage and power (requiring that all electricity and telephone services are provided by the means of underground cables),includingdetails ofthelocation,kind,natureandtimingofsuch;;  how development will be made compatible with the protection and maintenance of the integrity of any Sites of Natural Significance, and of other native vegetation within and adjoining these areas, including the need to control (where necessary)thekeepingofdomesticpets; and 14.",
03-Township-Policy-Areas-Policy-Areas.txt,"3.18 Other policies applying to Township Policy Areas In addition to the policies contained within this chapter, Township Policy Areas may also beaffectedbypolicies applyingto:  PublicLand  Management ofSites ofNatural SignificanceandofNativeVegetation  Management ofSites ofCultural Significance  PuffingBillyRailwayScenicCorridor  FloodplainManagement Areas; Special StudyAreas  HumanServices  Commercial Centres  ManufacturingandIndustry  Extractiveindustry,Mining&Soil Removal  RecreationandTourism  WaterResources  ServiceNetworks  Transport  FireManagement;  ScheduleOne-StatePlanningPolicies fortheRegion  Schedule Five - List of Environmental Weeds for the Upper Yarra Valley & DandenongRanges Region  Schedule Six - Exemptions to the policies or provisions under the Regional StrategyPlan.",
03-Township-Policy-Areas-Policy-Areas.txt,"Any use or development of land within a landscape ""classified"" or ""recorded"" by the National Trust of Australia (Victoria), must be carried out in a manner that is compatible with the protection, maintenance and where possible, enhancement of the landscape character of these areas.",
03-Township-Policy-Areas-Policy-Areas.txt,"TOWNSHIP POLICY AREAS POLICY AREAS 3.01 Regional Overview - Township Policy Areas Townships and urban areas comprise about three percent of the Region's area, although theyhouse most of its residents.",
03-Township-Policy-Areas-Policy-Areas.txt,Township Policy Areas 3.02 Overview These policy areas are clearly urban in character.,
03-Township-Policy-Areas-Policy-Areas.txt,"Within the Upper Yarra Valley and Dandenong Ranges region, the Urban Growth Boundary generally conforms to the Township Policy Areas in the Upper Yarra Valley 8.",
03-Township-Policy-Areas-Policy-Areas.txt,"This maybe achieved byallowing for a range of lot sizes and multi-unit development in appropriate township locations, where township design criteria and housing density provisions can be applied to protect residential amenity and where efficient use of townshipinfrastructurecanbemade.",
03-Township-Policy-Areas-Policy-Areas.txt,"Other residential concentrations occur in separate townships, such as Healesville, Yarra Glen,Woori Yallock,YarraJunction,WarburtonandMonbulk.",
03-Township-Policy-Areas-Policy-Areas.txt,"Parts of the Township Policy Areas have other elements which suggest the need for particular care, to address unique circumstances, such as lack of infrastructure services or environmental limitations to development.",
03-Township-Policy-Areas-Policy-Areas.txt," The provision of electricity, telephone or other telecommunicationlines, forboth reticulation within the area to be subdivided and for the supplyto each lot, must, beunderground,as aconditionofsubdivision.",
03-Township-Policy-Areas-Policy-Areas.txt,"3.05 Regional Objectives Regional objectives forTownshipPolicyAreas areto:  allow a broad range of urban land uses, including residential, industrial, retail, commercial, institutional and public purposes, in larger townships in a manner whichis compatiblewiththeenvironment;  restrict development on land that is subject to environmental constraints and which cannot be satisfactorily serviced, and to ensure that where reticulated sewerage is not available, sites are capable of on-site treatment and disposal of all wastewaters generated;  facilitate the development of strong communities adequately provided with an appropriate range of services in settings conducive to the attainment of quality lifestyles;  allow for the provision of a diversity of residential accommodation in suitable areas andaccordingtoappropriateperformancestandards;  ensureefficient utilisationofexistingreticulatedandcommunityservices;  maintain environmental quality, residential amenity and to promote good townshipdesign; and  protect Sites ofNatural andCultural Significance.",
03-Township-Policy-Areas-Policy-Areas.txt,"3.16 Design of new township and residential areas The design of subdivisions, roads, facilities and utility services in newly developing areas, within Township Policy Areas, must provide for the maintenance of environmental values and must optimise the quality of life, safety and convenience of futureresidents.",
03-Township-Policy-Areas-Policy-Areas.txt,"Many possess a wide range of facilities, infrastructure and community services typical of townships.",
03-Township-Policy-Areas-Policy-Areas.txt,The Regional StrategyPlan specifies that there will be onlylimited township expansion.,
03-Township-Policy-Areas-Policy-Areas.txt," A satisfactory program for the preservation and planting of native vegetation is incorporated in any new subdivision proposal, to ensure that development is not detrimental tothelandscapecharacterofthearea.",
03-Township-Policy-Areas-Policy-Areas.txt,REGIONALSTRATEGYPLAN - TOWNSHIPPOLICYAREAS 3.,
03-Township-Policy-Areas-Policy-Areas.txt," Measures should be implemented to ensure the retention of remnant vegetation, particularly indigenous vegetation and vegetation identified as being a Site of Natural Significance.",
03-Township-Policy-Areas-Policy-Areas.txt,"Without sensitive planning, the demands for residential land threaten some of the special characteristics which make the Region so attractive.",
03-Township-Policy-Areas-Policy-Areas.txt,"3.11 Control of buildings on land subject to environmental hazards The development of land subject to environmental hazards, including land instability, high fire risk and flooding, must bestrictlycontrolled,andmaybeallowedonlywhereit has been demonstrated that the building can be constructed in a manner that would not create danger to life and property, be of risk to the health and well being of the communityorcauseanysignificant environmental damage.",
03-Township-Policy-Areas-Policy-Areas.txt,The Urban Growth Boundary also includes established areas that have the urban characteristics of Township Policy Areas but havenot previouslybeenincludedwithinsuchpolicyareas.,
04-Landscape-Living-Policy-Areas.txt,"The Strategycontains directions and policies that apply an Urban Growth Boundary to metropolitan Melbourne and rural townships, including urban areas within the Upper Yarra Valley and Dandenong Ranges region, to prevent theencroachment ofurbandevelopment intoGreenWedgeareas.",
04-Landscape-Living-Policy-Areas.txt,"The subdivision of land must only be allowed when the size, shape and layout of proposedlots arecompatiblewith:  the terrain characteristics of the site slope, watercourses, soil types and vegetation;  acontinuingpotential foranagricultural usetheland,whereappropriate;  thephysical landscapecharacteristics anduseofadjacent land; 23.",
04-Landscape-Living-Policy-Areas.txt,Primary purpose The primary purpose for the Landscape Living 2 Policy Areas is to maintain and where possible enhance the existing environment and landscape character of residential development.,
04-Landscape-Living-Policy-Areas.txt,"Within Landscape Living Policy Areas, subdivision may be allowed and planning schemes may provide for a variety of subdivision techniques, including minimum lot controls andadensitycontrol.",
04-Landscape-Living-Policy-Areas.txt,"Melbourne2030Urban Growth Boundary The State Government’s strategy for metropolitan Melbourne, “Melbourne 2030” was released on the 8 October 2002.",
04-Landscape-Living-Policy-Areas.txt," There will be no detriment to the ecology of any stream or watercourse on or nearthesite,byvirtueoftheadditional development occurring.",
04-Landscape-Living-Policy-Areas.txt,"The landscape of the Landscape Living Policy Areas is highly significant, with one of the important attributes beingthe presence of indigenous and exotic vegetation, with tall mountain ash trees being the major feature.",
04-Landscape-Living-Policy-Areas.txt," Require the long term restructuring of land holdings within some of the existing subdivisions, where these areas are inappropriately subdivided having regard for local environmental,servicingandlandscapeconsiderations.",
04-Landscape-Living-Policy-Areas.txt,"The land within this Policy Area is generally cleared of vegetation, with few constraints to low-densityresidential development.",
04-Landscape-Living-Policy-Areas.txt,They contain two broad categories of land.,
04-Landscape-Living-Policy-Areas.txt,"Landscape Living Buffer Policy Area Overview The Landscape Living Buffer Policy Areas provide a buffer between urban and rural areas to the north and west of Lilydale, to protect farming activities from incompatible urban land uses and prevent urban expansion into rural areas of the Yarra Valley.",
04-Landscape-Living-Policy-Areas.txt," Where reticulated sewerage is not available, the site must be of sufficient size to enableproperon-sitetreatment anddisposal ofall wastes.",
04-Landscape-Living-Policy-Areas.txt,"The subdivision density is substantially lower than conventional urban areas, and residential use is usuallyassociated with small scale, part time, agriculture.",
04-Landscape-Living-Policy-Areas.txt,"Many residential properties, particularly those located on larger lots have well established and maintained gardens, which together with a ""hills"" and bushland environment makes this area one of the most desiredlow-densitylivinglocations withintheRegion.",
04-Landscape-Living-Policy-Areas.txt,Primary purpose The primarypurpose for the Landscape Living 3 PolicyAreas is to provide an attractive and low density living environment and to maintain and enhance the quality of its landscapeandenvironmental values andwatercourses.,
04-Landscape-Living-Policy-Areas.txt,"Within the Upper Yarra Valley and Dandenong Ranges region, the Urban Growth Boundary generally conforms to the Township Policy Areas in the Upper Yarra Valley and Dandenong Ranges Regional Strategy Plan.",
04-Landscape-Living-Policy-Areas.txt,"REGIONALSTRATEGYPLAN - LANDSCAPELIVINGPOLICYAREAS landscape characteristics and the existing low density residential character, roads and otherinfrastructure.",
04-Landscape-Living-Policy-Areas.txt,"4.05 Construction of buildings The construction of buildings, including houses and farm buildings, in Landscape Living Policy Areas must be carried out in a manner compatible with the maintenance and protection of landscape character, water resources, indigenous and significant exotic flora, indigenous fauna, and the existing residential character, as providing acceptable standards ofresidential health,safetyandamenity.",
04-Landscape-Living-Policy-Areas.txt,"REGIONALSTRATEGYPLAN - LANDSCAPELIVINGPOLICYAREAS 4.06 Tenement provisions Within Landscape Living 1 Policy Areas that are also within the Mt Dandenong Ridge Area, a tenement holding control must be introduced (or maintained) so that development of a house will only occur on a lot or parcel of land which satisfies one of thefollowing.Theland:  is part ofatenement holdingandis inexcess of0.4ha.inarea;  was created in accordance with an approved Planning Scheme or Interim Development Order;  consists of the consolidation of all parcels and/or lots within a tenement holding; or  is a lot which existed as a separate tenement holding on the date specified in the relevant planningscheme; 4.07 Tenement anomaly provisions Despite the requirement for tenement provisions, a planning scheme may modify the tenement provisions as theyapplytospecificlots, providedthat it is demonstratedthat:  The modification will not prejudicetheprimarypurposeofthepolicyareawithin which the lots occur and that the wider objectives of tenement controls for the policy area are protected from incremental erosion and are maintained as a legitimate means of protecting the areas identified from inappropriate development.",
04-Landscape-Living-Policy-Areas.txt,"REGIONALSTRATEGYPLAN - LANDSCAPELIVINGPOLICYAREAS Subdivision yields The average yield of lots, and the maximum and minimum lot sizes, must conform to thefollowingtable: Minimum& PolicyArea Averagelotyield Maximumlotsizes 1lottoeach 2ha LandscapeLiving1 1ha-3ha ofsitearea 1lottoeach 2ha LandscapeLiving2 1ha-3ha ofsitearea 1lottoeach 4ha LandscapeLiving3 3ha-7ha ofsitearea 1lottoeach 2ha LandscapeLiving(Buffer) 1ha-3ha ofsitearea Despitetheseprovisions, planningapproval maybegrantedforasubdivisionwhere:  The lot to be created is required for a public use or purpose by the Crown, a publicauthorityoraCouncil.",
04-Landscape-Living-Policy-Areas.txt,"The first is the land which is already substantially subdivided and used predominantly for residential purposes, with some hobby farming activities.",
04-Landscape-Living-Policy-Areas.txt, The additional development can be considered to be infill in an area which is substantiallybuilt up.,
04-Landscape-Living-Policy-Areas.txt," Provide for the long term protection and enhancement of remnant vegetation, particularlySites ofBotanical orZoological Significance.",
04-Landscape-Living-Policy-Areas.txt,"REGIONALSTRATEGYPLAN - LANDSCAPELIVINGPOLICYAREAS  Ensure that all development has regard to the natural features of the land and is properly designed and sited in recognition of such factors as land slope, vegetationcharacteristics andotherlocal amenityconsiderations.",
04-Landscape-Living-Policy-Areas.txt,Policies for Land Use and Management in Landscape Living Policy Areas 4.04 Land use Land uses must be compatible with the regional goals for Landscape Living Policy Areas andtheprimarypurposeforeachLandscapeLivingPolicyArea.,
04-Landscape-Living-Policy-Areas.txt, Ensure that development has regard to the built form and is designed and sited to maintain overall design consistency with surrounding development and without detriment tothelocal environment.,
04-Landscape-Living-Policy-Areas.txt,"Primary purpose The primary purpose for the Landscape Living 1 Policy Areas is to maintain and where possible enhance indigenous and significant exotic vegetation and native fauna, special 17.",
04-Landscape-Living-Policy-Areas.txt,REGIONALSTRATEGYPLAN - LANDSCAPELIVINGPOLICYAREAS  the retention of remnant native vegetation and the long term conservation of anySites of Natural Significance and/or Sites of Cultural Significance affecting theland; and  the capacity of any land subject to land instability to be reasonably and safely usedforcontrolledandlimiteddevelopment.,
04-Landscape-Living-Policy-Areas.txt,"This helps to avoid any expectations of a more complete range of services or of furtherurbanexpansionwhicha""Township""designationmight suggest.",
04-Landscape-Living-Policy-Areas.txt,"Subdivision management Any lot created by subdivision, (excluding lots created to provide for a Council, Public Authority or Government purpose) must comprise land which has at least 40% of its areathat is:  not subject toslopes of20%orgreater;  not withinafloodplainmanagement area; or  not subject to land instability, except where it can reasonably and safely be used forcontrolledandlimiteddevelopment.",
04-Landscape-Living-Policy-Areas.txt, Minimise adverse visual and other impacts associated with the use and development oflandwithinthesepolicyareas.,
04-Landscape-Living-Policy-Areas.txt," Where the land is an area identified as having a high risk of wildfire hazard, appropriate building design measures will be required to be undertaken to provideanacceptablelevel ofprotection.",
04-Landscape-Living-Policy-Areas.txt,REGIONALSTRATEGYPLAN - LANDSCAPELIVINGPOLICYAREAS 4.,
04-Landscape-Living-Policy-Areas.txt,4.09 Subdivision policies for Landscape Living Policy Areas Subdivision in Landscape Living Policy Areas must be managed in accordance with the PrimaryPurposeforeachPolicyArea.,
04-Landscape-Living-Policy-Areas.txt,"Except for the provision of a dependent relative unit, onlyone house maybe allowed on anylot ortenement holding(whereit applies).",
04-Landscape-Living-Policy-Areas.txt,"In any subdivision, access roads and development envelopes must be located so that minimum earthworks are required, dominant landscape features such as ridgelines are free of development, and the maintenance of Sites of Natural Significance and Sites of Cultural Significanceis not jeopardised 4.10 Other policies applying to Landscape Living Policy Areas In addition to the policies contained within this chapter, Township Policy Areas may also beaffectedbypolicies applyingto:  PublicLand  Management ofSites ofNatural SignificanceandofNativeVegetation  Management ofSites ofCultural Significance  PuffingBillyRailwayScenicCorridor  FloodplainManagement Areas; Special StudyAreas  HumanServices  Commercial Centres  ManufacturingandIndustry  Extractiveindustry,Mining&Soil Removal  RecreationandTourism  WaterResources  ServiceNetworks  Transport  FireManagement;  ScheduleOne-StatePlanningPolicies fortheRegion  Schedule Five - List of Environmental Weeds for the Upper Yarra Valley & DandenongRanges Region  Schedule Six - Exemptions to the policies or provisions under the Regional StrategyPlan.",
04-Landscape-Living-Policy-Areas.txt,"The area is used predominantlyfor low-densityresidential living, recreation and tourism activities, together with associated retail and commercial uses, usually found in the hamlets scattered along the Mt.",
04-Landscape-Living-Policy-Areas.txt,"4.08 Landscape protection The protection, maintenance and enhancement of landscapes and landscape character in LandscapeLivingPolicyAreas must beensured.",
04-Landscape-Living-Policy-Areas.txt,"Landscape Living 2 Policy Area Overview These areas have been substantially or even completely subdivided and built upon, and have characteristics and densities similar to Township Policy Areas.",
04-Landscape-Living-Policy-Areas.txt, Development will not jeopardise the maintenance of any Site of Natural SignificanceorSiteofCultural significance.,
04-Landscape-Living-Policy-Areas.txt,"Landscape Living 1 Policy Area Overview Most of the land in Landscape Living 1 Policy Area is in the Dandenong Ranges and in scattered localities in the southern foothills, generally following the Belgrave- Gembrookcorridor.",
04-Landscape-Living-Policy-Areas.txt," The land is not subject to constraints to development, such as land instability, land liable to flooding or land with slopes of 20% or greater (unless where slopes are greater than 20%, information has been provided that demonstrates that soil erosion will be minimised, landscape characteristics are protected or enhanced and the development and access to it can be appropriately located and land instabilitywill beminimised).",
04-Landscape-Living-Policy-Areas.txt,REGIONALSTRATEGYPLAN - LANDSCAPELIVINGPOLICYAREAS Primary purpose The primary purpose of the Landscape Living Buffer Policy Area is to provide an attractive and well serviced rural-residential buffer between urban and rural land use in theLilydaleareaandtoprevent furtherintrusionofurbandevelopment intorural areas.,
04-Landscape-Living-Policy-Areas.txt, Providetheopportunityforlimitedunobtrusivetourist accommodation.,
04-Landscape-Living-Policy-Areas.txt,"LANDSCAPE LIVING POLICY AREAS 4.01 Regional Overview The major concentrations of the land in these Policy Areas are in the Dandenong Ranges, around the township of Healesville and in a few areas along the Warburton Highway.",
04-Landscape-Living-Policy-Areas.txt, Maintain the distinct non-commercial areas between townships given the importance of retaining well defined and compact townships throughout the Shire.,
04-Landscape-Living-Policy-Areas.txt," The purpose of the subdivision is to re-align a common boundary between two existing lots, where no additional lots will be created and where the re- alignment does not allow an increase in the number of houses that could be constructed on the land beyond that permitted by the planning scheme prior to thesubdivisiontakingplace.",
04-Landscape-Living-Policy-Areas.txt,"In the consideration, or carrying out, of any uses and developments, it must be ensured that:  visual and environmental values of landscapes in Landscape LivingPolicyAreas arefullyrecognised,protectedandwherenecessaryenhanced;  all development is located so that it avoids prominent ridgelines, hill tops and visuallyexposedvalleys;  consideration is given to the use of non reflective surfaces or screen planting, and that the development is adequately set back from road frontages and access ways;  all development is designed and sited in a manner complementaryto its location, and compatible with maintenance of character of the Landscape Living Policy Areas;  all roads and access tracks are located, designed, constructed and landscaped in the manner compatible with maintenance of landscape values and character, and minimisationofsoil erosion;  all land use and development is managedandcontrolledtomaintainandenhance the visual amenity and the quality along the main roads and other access routes, andthat ribbondevelopment alongtheroads is strictlycontrolled,and  all use and development of land within landscapes ""Classified"" and ""Recorded"" by the National Trust of Australia (Victoria) as delineated by Map Series 10, must be carried out in a manner that is compatible with protection, maintenance and,wherepossible,enhancement ofthelandscapecharacteroftheseareas.",
04-Landscape-Living-Policy-Areas.txt,"The second includes land which has been selected in strategic locations to provide a buffer between the urban areas of Lilydale and adjoining rural land, and to prevent further intrusion of incompatible activities into the rural environment.",
04-Landscape-Living-Policy-Areas.txt,"REGIONALSTRATEGYPLAN - LANDSCAPELIVINGPOLICYAREAS surrounding landscape, and which provides opportunities for protecting remnant indigenous vegetationandnatural habitat; and  demonstrates that any house or building requiring utility services are able to be provided with such services in a manner that will not have an adverse impact on theenvironment orlandscapeofthearea.",
04-Landscape-Living-Policy-Areas.txt,The Urban Growth Boundary has also been applied to some Landscape Living Policy Areas that have urban characteristics.,
04-Landscape-Living-Policy-Areas.txt,"Landscape Living Policies have been applied to four policy areas, which comprise the land with similar physical and environmental characteristics, with a common element beinglowdensityresidential landuse.",
04-Landscape-Living-Policy-Areas.txt,REGIONALSTRATEGYPLAN - LANDSCAPELIVINGPOLICYAREAS  Clearingofnativevegetationis minimised.,
04-Landscape-Living-Policy-Areas.txt," Services such as constructed roads, reticulated water supply and reticulated sewerage are available, without additional substantial costs to Council and servicing authorities and the provision of these and other utility services will haveminimal impact ontheenvironment orlandscapeofthearea.",
04-Landscape-Living-Policy-Areas.txt,"They are excluded from Township PolicyAreas because of their limited size (which restricts their abilityto support township type services),and their separation or isolation from Township Policy Areas.",
04-Landscape-Living-Policy-Areas.txt,"Development within Landscape Living Policy Areas may only occur on land (within a designateddevelopment envelope)which:  is not subject to excessive slopes (that is a slope greater than 20%), without proper regard being given to appropriate measures to ensure that soil erosion does not occur;  is not within a floodplain management area (except as allowed under Policy 10.02);  if subject to land instability, can reasonablyand safelybe used for controlled and limiteddevelopment;  is not within an area identified as having a high risk from wildfire, unless it has been shown that appropriate measures have been undertaken, to provide an acceptablelevel ofprotectiontothebuildingfrom wildfirerisk;  is of sufficient size, should there be no reticulated sewerage to which the building can be connected, to enable proper on-site treatment of all wastes generated in the building and the disposal on-site of the effluent from the treatment;  enables all buildings and their waste treatment and effluent disposal systems to be located at least 30 metres from any watercourse to avoid any adverse effects on water quality and streamside vegetation (this distance may be reduced to 10 metres where the land is too small to provide a 30 metre setback and the responsible authority is satisfied that the development and anywaste water from it will not adverselyeffect thewatercourse); (Am 75)  enables proper consideration to be given to the type of construction (external materials in particular) andthelocationofthebuildings andtheirancillaryworks (such as driveways and access roads), in a manner that avoids intrusion into the 19.",
04-Landscape-Living-Policy-Areas.txt,The policyarea is generallyconfined to poorer agricultural land.,
04-Landscape-Living-Policy-Areas.txt," Provide, in appropriate locations, for a buffer between urban development and the broadscale agricultural areas of the Region, particularly in the vicinity of Lilydale.",
04-Landscape-Living-Policy-Areas.txt,Evelyn and the Narre WarrenEast area.,
04-Landscape-Living-Policy-Areas.txt,"This includes the settlements of Wesburn, Millgrove and Launching Place.",
05-Rural-Policy-Areas.txt,"Within Rural Policy Areas subdivision may be allowed and planning schemes may provide for a variety of subdivision techniques, including minimum lot controls, a densitycontrol andadensitymatrix technique.",
05-Rural-Policy-Areas.txt,"5.13 Agroforestry Agroforestry using suitable native timber species and in association with agricultural production, may be allowed and is to be encouraged on land already cleared of native vegetationand/orondegradedandpreviouslyloggedareas needingrehabilitation.",
05-Rural-Policy-Areas.txt,"REGIONALSTRATEGYPLAN - RURALPOLICYAREAS  the use and management of land in a manner that is sustainable and conducive to themaintenanceoffarmingoptions andopportunities inthefuture;  the protection and conservation of soils as an essential and irreplaceable natural resource;  the protection and management of native vegetation for its intrinsic values, as a fauna habitat and a valuable visual component of the rural landscape, and for its value for soil conservation, maintenance of water yields and quality and contributiontowards reducingtheGreenhouseEffect;  that all land use and development are compatible with the maintenance of rural landscapes, characterandatmosphere;  that all land use and management is carried out in a manner compatible with maintenance and improvement of water qualityand yields; and to ensure that the values identified on adjacent public and other land are not degraded by the off- siteeffects from rural land;  the protection, maintenance and enhancement of watercourses, wetlands, floodplains and drainage systems as essential components of water resource management andlandscapeandfaunal corridors as important aquatichabitat;  the rehabilitation of degraded watercourses and re-establishment of native riparianvegetationalongwatercourses andotherareas;  that the built environment, such as houses, buildings, structures, roads and other infrastructure, are sited and designed in a manner that complements the natural environment,and  the establishment of appropriate buffers between agricultural/rural and urban areas, to enable the exercising without conflict, of the right of farmers to farm theirland.",
05-Rural-Policy-Areas.txt,"Primary Purpose The primary purpose of the Rural Landscape 1 Policy Areas is toprovideforarange of farming uses and activities (including part time farming) compatible with land suitability, capability and subdivision patterns, to protect and maintain the remaining native vegetation, wildlife, water quality and to maintain and enhance landscape value andcharacter.",
05-Rural-Policy-Areas.txt, Development will not jeopardise the maintenance of any Site of Natural SignificanceorSiteofCultural significance.,
05-Rural-Policy-Areas.txt,"in area, except in the IntensiveAgriculture1PolicyAreawhereit must beinexcess of2ha;  was created in accordance with an approved Planning Scheme or Interim Development Order; 29.",
05-Rural-Policy-Areas.txt,"Other agricultural and rural activities include mixed farming and some part time farming, with an increasing presence of more intensiveagricultural activities suchas fruit andvegetablegrowingandviticulture.",
05-Rural-Policy-Areas.txt,"5.03 Regional Objectives Theregional objectives forRural PolicyAreas areto,whereappropriate,ensure:  the continuation of rural land uses primarilyforfarmingpurposes, andotheruses compatiblewithfarming; 24.",
05-Rural-Policy-Areas.txt,"Current rural land use demands, if not managed and controlled sensitively, could result in further alienation of productive agricultural land and deterioration and/or loss of environmental and landscapevalues.",
05-Rural-Policy-Areas.txt,"As in the Rural Landscape 1 Policy Area, the land in this Policy Area has been extensively subdivided.",
05-Rural-Policy-Areas.txt,Intensive Agricultural 2 Policy Areas Overview The Intensive Agricultural 2 Policy Area generally comprises red soil areas at Hoddles Creek.,
05-Rural-Policy-Areas.txt, Clearingofnativevegetationis minimised.,
05-Rural-Policy-Areas.txt," Where the land is an area identified as having a high risk of wildfire hazard, appropriate building design measures will be required to be undertaken to provideanacceptablelevel ofprotection.",
05-Rural-Policy-Areas.txt,"In any subdivision, access roads and development envelopes be located so that minimum earthworks are required, dominant landscape features such as ridgelines are free of development, and the maintenance of Sites of Natural Significance and Sites of Cultural Significanceis not jeopardised.",
05-Rural-Policy-Areas.txt,"The creation of the primary lot in a density matrix subdivision must cover the land which is most suitable for agricultural uses or which has the most significant environmental values, and the small lots created must be located to minimise intrusion intothelandscapeandwhereappropriate,begroupedtoavoidlineardevelopment.",
05-Rural-Policy-Areas.txt,"In order to ensure that native forests and plantations are managed for their timber and other values in a sustainable manner, any proposal to carry out forestry or timber productiononprivatelandmust demonstratethat:  the land contains suitable timber resources of known quantity or it has the potential toberegeneratedwithsuitablenativespecies;  timber harvesting can be carried out without detrimental effects to the area's soils, landscapeandwaterresources andtoits floraandfauna;  appropriate native species (which will not create environmental problems) will be planted and silvicultural and management techniques will be applied to regenerate the harvested areas and to maintain the forest resources in a sustainablemanner;  plantations will only be established on land previously cleared of native vegetationandwhichis currentlybeingusedforagricultureorotherpurposes;  floodplainmanagement areas will beexcluded,and  timber harvesting will be excluded from the land within 30 metres of any watercourse.",
05-Rural-Policy-Areas.txt,5.15 Protection of agricultural practices: The maintenance and enhancement of agricultural practices in Rural Policy areas must be encouraged.,
05-Rural-Policy-Areas.txt,"The lots however are generally larger than in Rural Landscape 1,withthemost commonsizebeingabout 16hectares.",
05-Rural-Policy-Areas.txt,In recent years the growingofgrapevines intheHoddles Creekareahas gainedsomeprominence.,
05-Rural-Policy-Areas.txt,"The predominant land use is grazing, withsomepart timefarmingandviticulture.",
05-Rural-Policy-Areas.txt,"Intensive Agriculture 1 Policy Areas Overview The Intensive Agriculture 1 Policy Area covers the Silvan and Monbulk areas, and is used extensively for intensive agriculture and cropping, with the main activities being productionofcut flowers, nurserystock,vegetables, bulbs, fruit andberries.",
05-Rural-Policy-Areas.txt,"5.20 Other policies applying to Rural Policy Areas In addition to the policies contained within this chapter, Township Policy Areas may also beaffectedbypolicies applyingto:  PublicLand  Management ofSites ofNatural SignificanceandofNativeVegetation  Management ofSites ofCultural Significance  PuffingBillyRailwayScenicCorridor  FloodplainManagement Areas; Special StudyAreas  HumanServices  Commercial Centres  ManufacturingandIndustry  Extractiveindustry,Mining&Soil Removal  RecreationandTourism  WaterResources  ServiceNetworks  Transport  FireManagement;  ScheduleOne-StatePlanningPolicies fortheRegion  Schedule Five - List of Environmental Weeds for the Upper Yarra Valley & DandenongRanges Region 35.",
05-Rural-Policy-Areas.txt," The purpose of the subdivision is to re-align a common boundary between two existing lots, where no additional lots will be created and where the re-alignment does not allow an increase in the number of houses that could be constructed on 33.",
05-Rural-Policy-Areas.txt," Where reticulated sewerage is not available, the site must be of sufficient size to enableproperon-sitetreatment anddisposal ofall wastes.",
05-Rural-Policy-Areas.txt,"Rural residential and urban related demands are particularlystrongin this areaandifnot managedproperly,will continueas threats tothearea's agricultural productivity.",
05-Rural-Policy-Areas.txt,It has lower agricultural values than the Rural 1 Policy Areas.,
05-Rural-Policy-Areas.txt,"5.12 Management of land for forestry and timber production The use or development of land for forestry in native forests, or for afforestation of native hardwood species must be on the basis of a proposal which contains a forest coupe plan, which addresses the matters contained in the Code of Forest Practice for TimberProductionandwhichspecifies:  coupelocationandcuttingareaboundaries;  methods of marking, cutting and removing wood and the estimated volume of woodtoberemoved;  wet weather and seasonal restrictions, and any other periods during which operations will limited;  areas excluded from harvesting to provide for flora and fauna protection under the Flora and Fauna Guarantee Act 1988, water quality protection, landscape protection,andsignificant sites;  protectionandrehabilitationofsoils;  location, design, construction, maintenance and closure of timber extraction roads; 31.",
05-Rural-Policy-Areas.txt,REGIONALSTRATEGYPLAN - RURALPOLICYAREAS practices necessary for successful operation of agricultural activities should be recognised.Suchpractices shouldhaveregardto:  Department ofAgricultureguidelines andrecommendations;  the diversityof agricultural pursuits and the uncertaintyof climatic conditions in theRegion;  thechangingtechnologyandconsumerpreferences foragricultural products;  theprimarypurposes oftheRural PolicyAreas; and  themaintenanceofenvironmental values.,
05-Rural-Policy-Areas.txt,"Primary Purpose The primary purpose of the Intensive Agriculture 2 Policy Area is to protect, maintain and enhance the red soil areas as a resource and to encourage the use of this land for broadscale intensive agricultural purposes, and where necessary, to discourage theuseoflandfornonagricultural purposes, whileprotectingthelandscapevalues.",
05-Rural-Policy-Areas.txt,The predominant land use is grazing.,
05-Rural-Policy-Areas.txt,Policies for Rural land based on further development and strengthening of the policies whichhavebeeninplacesincetheapproval oftheRegional StrategyPlanin1982.,
05-Rural-Policy-Areas.txt,"REGIONALSTRATEGYPLAN - RURALPOLICYAREAS use for intensive agricultural purposes, and where necessary to discourage the use of land for non agricultural purposes, while recognising the importance of the landscape values.",
05-Rural-Policy-Areas.txt,"5.18 Density matrix subdivision Planning schemes may provide for a density matrix subdivision technique, only within theRural 1,Rural 2andRural Landscape2PolicyAreas.",
05-Rural-Policy-Areas.txt,"Due to past subdivision of land in this area, the majorityof lots are in parcels of about 8 hectares.",
05-Rural-Policy-Areas.txt,"REGIONALSTRATEGYPLAN - RURALPOLICYAREAS 5.11 Forestry and timber production Forestry and timber production on private land with suitable native or other hardwood species, whether in plantations or in native forests, may be allowed subject to planning permit, provided that all activities including harvesting, roading, regeneration and fire protection are carried out in a manner compatible with the protection and maintenance of landscape values, water and soil resources, and maintenance of the integrityand long term conservationofanySites ofNatural SignificanceorSites ofCultural Significance.",
05-Rural-Policy-Areas.txt,REGIONALSTRATEGYPLAN - RURALPOLICYAREAS  Schedule Six - Exemptions to the policies or provisions under the Regional StrategyPlan 35a,
05-Rural-Policy-Areas.txt, The subdivision is for the excision of a lot of between 0.8 ha and 1.2 ha (exclusive of an access driveway of not more than 3 metres in width) from land which:  Contains two houses which have lawfully been established and neither of the houses were established as dwellings ancillaryto an existinghouse on thelandsuchas a‘dependent relativeunit’oran‘ancillarydwelling’;  Eachnewlot contains aoneoftheestablishedhouses.,
05-Rural-Policy-Areas.txt,"5.17 Subdivision Yields The yield of lots, and the maximum and minimum lot sizes (for other than density matrix subdivisions)must conform tothefollowingtable: Maximum& PolicyArea Averagelotyield Minimumlotsizes IntensiveAgriculture1 1lottoeach 8ha 6ha-14ha ofsitearea IntensiveAgriculture2 1lottoeach 20ha 15ha-35ha ofsitearea Rural 1 1lottoeach 25ha 18ha-44ha ofsitearea Rural 2 1lottoeach 40ha 30ha-70ha ofsitearea Rural Landscape1 1lottoeach 8ha 6ha-14ha ofsitearea Rural Landscape2 1lottoeach 16ha 12ha-28ha ofsitearea Rural Conservation 1lottoeach 40ha 30ha-70ha ofsitearea Despitetheseprovisions, planningapproval maybegrantedforasubdivisionwhere:  The lot to be created is required for apublicuseorpublicpurpose,bytheCrown, apublicauthorityoraCouncil.",
05-Rural-Policy-Areas.txt,"5.14 Landscape protection The protection, maintenance and enhancement of landscapes and landscape character in Rural PolicyAreas must beensured.",
05-Rural-Policy-Areas.txt,"5.08 Tenement provisions Within Rural Policy Areas a tenement holding control must be introduced (or maintained) in the former Shires of Sherbrooke and Lillydale, so that development of a housewill onlyoccuronalot orparcel oflandwhichsatisfies oneofthefollowing:  is part of a tenement holding and is in excess of 4 ha.",
05-Rural-Policy-Areas.txt,REGIONALSTRATEGYPLAN - RURALPOLICYAREAS the land beyond that permitted by the planning scheme prior to the subdivision takingplace.,
05-Rural-Policy-Areas.txt,Rural Landscape 1 Policy Area Overview The Rural Landscape 1 Policy Area generally comprises the land located between the Lysterfield Lake Park and Cardinia Reservoirandextendingnortheasterlytoincludethe rural portions ofMonbulkandtheeasternfoothills oftheDandenongRanges.,
05-Rural-Policy-Areas.txt,"Most land in this Policy Area is significant environmentally, for its flora, fauna, water protection and for its significant landscape values.",
05-Rural-Policy-Areas.txt,"Where a densitymatrix provision is to be provided, it must specifythat there be a single primary lot, with the remaining lots being within the range of 3 hectares to 5 hectares.",
05-Rural-Policy-Areas.txt," The land is not subject to constraints to development, such as land instability, land liable to floodingor land withslopes of20%orgreater(unless whereslopes are greater than 20%, information has been provided that demonstrates that soil erosion will be minimised, landscape characteristics are protected or enhanced and the development and access to it can be appropriately located and land instabilitywill beminimised).",
05-Rural-Policy-Areas.txt,"5.05 Threats to the Primary Purposes of Rural Policy Areas The major threats to the primary purposes of Rural Policy Areas, particularly the objectiveofprovidingforthecontinuationofagricultural purposes, are:  thedemandforrural residential living;  thepressures forfurthersubdivision;  uses and developments not compatible with the protection and maintenance of rural landscapes; and  theinappropriateremoval ofnativevegetation.",
05-Rural-Policy-Areas.txt,Rural landscapes are one of the Region's greatest attributes and assets.,
05-Rural-Policy-Areas.txt,"REGIONALSTRATEGYPLAN - RURALPOLICYAREAS  the terrain characteristics of the site slope, watercourses, soil types and vegetation;  acontinuingpotential foranagricultural usetheland;  thephysical landscapecharacteristics anduseofadjacent land;  the long term conservation of any Sites of Natural Significance and/or Sites of Cultural Significanceaffectingtheland; and  the capacity of any land subject to land instability to be reasonably and safely usedforcontrolledandlimiteddevelopment.",
05-Rural-Policy-Areas.txt,This PolicyArea generallyfollows the valleys of the Yarra and Little Yarra Rivers andsomeoftheirtributaries.,
05-Rural-Policy-Areas.txt,"REGIONALSTRATEGYPLAN - RURALPOLICYAREAS Primary Purpose The primary purpose of the Rural Landscape 2 Policy Areas is toprovideforarange of farming uses and activities (including part time farming) compatible with land suitability, capability and subdivision patterns, to protect and maintain the remaining native vegetation, wildlife, water quality and to maintain and enhance landscape value andcharacter.",
05-Rural-Policy-Areas.txt,There are persistent and often conflicting land use pressures and demands being placed on the natural resources of the Rural Policy Areas.,
05-Rural-Policy-Areas.txt,"Soils are relatively poor, water scarce and the main agricultural activities are confined to part time farming, with some intensiveagricultural activities intheMonbulk area.",
05-Rural-Policy-Areas.txt,"REGIONALSTRATEGYPLAN - RURALPOLICYAREAS  consists oftheconsolidationofall parcels and/orlots withinatenement holding;  is a lot which existed as a separate tenement holding on the date specified in the relevant ShirePlanningScheme; or 5.09 Tenement anomaly provisions Despite the requirement for tenement provisions, a planning scheme may modify the tenement provisions as theyapplytospecificlots, providedthat it is demonstratedthat:  The modification will not prejudicetheprimarypurposeofthepolicyareawithin which the lots occur and that the wider objectives of tenement controls for the policy area are protected from incremental erosion and are maintained as a legitimate means of protecting the areas identified from inappropriate development.",
05-Rural-Policy-Areas.txt,"Inconsideringorcarryingout anyuses anddevelopments, it must beensuredthat:  visual and environmental values of landscapes in Rural Policy Areas are fully recognised,protectedandwherenecessaryenhanced;  all development is located so that it avoids prominent ridgelines, hill tops and visuallyexposedvalleys;  consideration is given to the use of non reflective surfaces or screen planting, and that the development is adequately set back from road frontages and access ways;  all development is designed and sited in a manner complementaryto its location, andcompatiblewithmaintenanceofcharacteroftheRural PolicyAreas;  all roads and access tracks are located, designed, constructed and landscaped in the manner compatible with maintenance of landscape values and character, and minimisationofsoil erosion;  all land use and development is managedandcontrolledtomaintainandenhance the visual amenity and the quality along the main roads and other access routes, andthat ribbondevelopment alongtheroads is strictlycontrolled,and  all use and development of land within landscapes ""Classified"" and ""Recorded"" by the National Trust of Australia (Victoria) will be carried out in a manner that is compatible with protection, maintenance and, where possible, enhancement of thelandscapecharacteroftheseareas.",
05-Rural-Policy-Areas.txt,Rural Conservation Policy Areas Overview The Rural Conservation Policy Area covers generally steep and forested land.,
05-Rural-Policy-Areas.txt,5.16 Subdivision policies for Rural Policy Areas Subdivision in Rural Policy Areas must be managed in accordance with the primary purposeforeachPolicyAreaandtheregional goal andobjectives.,
05-Rural-Policy-Areas.txt,"A combination of mild climate, high and well distributed rainfall and a variety of good soils has led to the establishment of many and varied agricultural activities, some of whichareofregional andStateimportance.",
05-Rural-Policy-Areas.txt,"REGIONALSTRATEGYPLAN - RURALPOLICYAREAS 5.07 Construction of buildings The construction of buildings (including houses and farm buildings) in Rural Policy Areas must be carried out in a manner that is compatible with the maintenance of rural and agricultural land uses, protection and, where possible, enhancement of landscape values, water resources, indigenous flora and fauna (and their habitat) and the provision ofacceptablestandards ofresidential health,safetyandamenity.",
05-Rural-Policy-Areas.txt,"Primary Purpose The primary purpose of the Rural 1 Policy Areas is to maintain and protect its soils and water resources for a variety of broadscale agricultural and rural activities, to control land use and land management activities in a manner conducive to the maintenance of landscape character, and to protect and enhance the remaining areas of nativevegetation,protect thenativefaunaandmaintainandimprovewaterquality.",
05-Rural-Policy-Areas.txt,5.04 Rural Policy Areas - Description and Primary Purposes Thelocationandextent ofall Rural PolicyAreas is shownon Map Series 1.,
06-Public-Land-Policies.txt,REGIONALSTRATEGYPLAN - PUBLICLANDPOLICIES 6.,
06-Public-Land-Policies.txt,PUBLIC LAND POLICIES 6.01 Regional Overview Public Land comprises approximately 70% of the Upper Yarra Valley & Dandenong Ranges Region.,
06-Public-Land-Policies.txt,"Most of this Public Land is in the forested, mountainous eastern part of the Region, but is also scattered throughout the settled western areas, particularlywithin the Dandenong Ranges.",
06-Public-Land-Policies.txt,"The Public Land presence dramatically affects the Region, becauseofits sizeandlocationandbecauseoftheresources it contains.",
06-Public-Land-Policies.txt,"The resources of Public Land in the Region have values for water and timber production, flora and fauna conservation, tourism and recreation, landscape protection andmany otherminoruses.",
06-Public-Land-Policies.txt,"6.02 Responsibility for Public Land Management The primary responsibility for management of Public Land in the Region lies with the Department of Conservation and Natural Resources, Melbourne Parks & Water and Melbourne Water.",
06-Public-Land-Policies.txt,"Melbourne Water is responsible for the management of the Region's extensive water catchment areas, most of which are closed to public access.",
06-Public-Land-Policies.txt,"The Department of Conservation and Natural Resources has a broad public land management role, in the areas of national parks, soil conservation and land protection, conservation andforestry.",
06-Public-Land-Policies.txt,"6.03 Land Conservation Council Recognition must be given to the recommendations of the Land Conservation Council, that have been adopted byGovernment, particularlywith regard to those policies for the MelbourneArea,District 2,whichcovers all areas ofPublicLandwithintheRegion.",
06-Public-Land-Policies.txt,"The Land Conservation Council recommendations, once adopted by Government, will specify the range of land uses for Public Land within the Region and must be implementedintheRegionandnot beover-ruledbytheRegional StrategyPlan.",
06-Public-Land-Policies.txt,"6.04 Regional Objectives Theobjectives fortheRegion's PublicLands aretoensurethat:  PublicLandis managedinamannerconsistent withdecisions ofGovernment;  the use, development and management of all Public Land is consistent with the objective of seeking to enable increased protection for the special features and characteroftheRegion;  the longterm conservationofthenatural environment ofPublicLandis provided for,and  the renewable resources of Public Lands are managed in a way that provides for their sustainable use, and that non-renewable resources are used wisely, so that essential ecological processes andlifesupport systems aremaintained.",
06-Public-Land-Policies.txt,"REGIONALSTRATEGYPLAN - PUBLICLANDPOLICIES 6.05 Management of Public Land Public Land must be used and managed in accordance with State Planning Policies for the Region, recommendations of the Land Conservation Council which have been adopted by Government, and in a manner which is consistent with the Regional Objectives forPublicLand.",
06-Public-Land-Policies.txt,Thelocationandextent ofall PublicLand PolicyAreas is shownon Map Series 1.,
06-Public-Land-Policies.txt,"6.06 Public works and undertakings All works and undertakings carried out in the Region by a government department, public authorityor Council must be in conformitywith the Regional StrategyPlan.",
06-Public-Land-Policies.txt,The organisation proposing to carry out the works and undertakings must obtain written confirmation from the relevant council that theproposedworks orundertakings conform with the Regional Strategy Plan.,
06-Public-Land-Policies.txt,The Council may require that specified conditions must be met to ensure that the proposed works or undertakings conform with the Regional StrategyPlan.,
06-Public-Land-Policies.txt,"Disputes about conformity with the Regional Strategy Plan If there is a dispute with the Council about whether works and undertakings to be carried out by a government department, public authority or council are in conformity with the Regional Strategy Plan, the Premier will decide whether any works or undertakings mayproceed.",
06-Public-Land-Policies.txt,The Premier must seek the advice of the Minister administering the Planning and Environment Act before deciding whether the proposed works or undertakings conform withtheRegional StrategyPlanandwhetheranyconditions shouldbeimposed.,
06-Public-Land-Policies.txt,"6.07 Alienation of Crown Land There must be no further alienation of Crown land intheRegion,forprivatesale,except for rationalisation or management purposes or as provided for elsewhere in the Regional StrategyPlan.",
06-Public-Land-Policies.txt,"6.08 Disposal of surplus Public Land Surplus public land held by a Government Department, Public Authority or a Council must not be disposed of without an assessment of community, public open space, recreation, heritage and environmental/conservation needs, and which may include retainingthelandinpublicownershipforanalternativepublicuse.",
06-Public-Land-Policies.txt,"6.09 Road reserves, easements and linear reserves Remnant native vegetation, significant wildlife habitat and landscapes on linear reserves, including roadsides, stream frontages and railway (both used and disused) reserves must be protected and the revegetation of these areas with indigenous native species must beencouraged.",
06-Public-Land-Policies.txt,"REGIONALSTRATEGYPLAN - PUBLICLANDPOLICIES Unused road reserves or easements may only be alienated or leased where such road reserves or easements are not of special significance for nature conservation, recreation orotherpublicuse.",
06-Public-Land-Policies.txt,"The alienation or leasing of unused road reserves or easements in Sites of Natural Significance, must not occur until there is an appropriate agreement in place, between the agency currently controlling the land and Council, which provides for the most stringent limitationonclearingofnativevegetation.",
06-Public-Land-Policies.txt,"When a road reserve or other linear easement is alienated, it must be ensured that the retention of easement rights for public utilities, where appropriate, should be acondition of alienation; and/or if the reserve or easement is adjacent to other Public Land, provisionforpublicaccess whereappropriateshouldbeaconditionofthealienation.",
06-Public-Land-Policies.txt,"6.10 Clearing of native vegetation on road reserves, easements and linear reserves The clearing of native vegetation on road reserves, easements and other linear reserves must be strictly controlled, so as to protect botanical, wildlife habitat and landscape values.",
06-Public-Land-Policies.txt,Managers and owners of these areas must beencouragedtopreparerevegetation and rehabilitation programs for those areas that are devoid of vegetation or otherwise degraded.,
06-Public-Land-Policies.txt,"When issuing or renewing licences for unused road reserves or easements, the relevant Department shouldensurethat:  the intrinsic value of existing vegetation and its value as a refuge or habitat for wildlifearemaintained;  the area is protected from wildfire and soil erosion and noxious weeds and verminarecontrolled;  publicaccess is maintained,and  revegetation with indigenous native species is encouraged on unused road reserveoreasements, particularlyinSites ofNatural Significance.",
06-Public-Land-Policies.txt,"6.11 Private use of Public Land Crown or other Public Land, which is leased or licensed for private use, must be protected from inappropriate use or development which would prejudice its future use for public purposes, or which would be inconsistent with policies for the underlying or adjacent Regional StrategyPlanPolicyArea.",
06-Public-Land-Policies.txt,"When consideringthe proposed issue of a lease or licenceforCrownorPublicLand,the Government Department or Public Authority responsible for the management of such land:  May, where appropriate, allow restricted and limited recreation use by the public.",
06-Public-Land-Policies.txt," Ensure that cultivation is not permitted, except with the approval of the Government Department or Public Authority responsible for the land's management.",
06-Public-Land-Policies.txt,"REGIONALSTRATEGYPLAN - PUBLICLANDPOLICIES  Should ensure that licensees provide stiles in any fences erected across their licencearea,whererequired.",
06-Public-Land-Policies.txt," Should ensure that the intendinglicence or lease holder has obtained the relevant approval orplanningpermit from theCouncil administeringtheplanningscheme for the area affected by the licence or lease, to use or develop that land for the intendedpurposeoftheleaseorlicence.",
06-Public-Land-Policies.txt, The use and development of privately owned land in Public Land Policy Areas must have regard to the policies generally applying in the vicinity of the subject land.,
06-Public-Land-Policies.txt, The use and development of public land which is not in a Public Land Policy Areamust haveregardtothepolicies forPublicLand.,
06-Public-Land-Policies.txt,"6.12 Landscape protection The landscape character of Public Land in the Region is of high value and must be maintainedorenhanced,andspecial landscapefeatures must beprotected.",
06-Public-Land-Policies.txt,"Government Departments, Public Authorities and Councils responsible for management ofPublicLandmust ensurethat:  All proposed land use changes and activities are carried out in a manner which ensures that the landscape character is maintained or enhanced and special landscapefeatures areprotected.",
06-Public-Land-Policies.txt," Where the land is within a landscape ‘classified’ or ‘recorded’ by the National Trust ofAustralia(Victoria),regardmust behadtoanycitationapplyingtothose landscapes, inthecarryingout ofanyworks orundertakings.",
06-Public-Land-Policies.txt," Where such works and undertakings could have a significant landscape impact, advice should be sought from the National Trust prior to commencement of such works orundertakings.",
06-Public-Land-Policies.txt,6.13 Fire Protection All Public Land in the Region must be protected from fire and fire protection and suppression must be undertaken by relevant Government Departments or Public Authorities inaccordancewiththeFireManagement Policies inChapter20.,
06-Public-Land-Policies.txt,6.14 Water Resources The vital importance of Public Land within the Region for water production purposes must be recognised and the use of that land forthosepurposes must beprotected.,
06-Public-Land-Policies.txt,Water resources on Public Land in the Region must be managed in accordance with Water Resources Policies inChapter17.,
06-Public-Land-Policies.txt,6.15 Forest management The importance of the forested Public Land in the Region as a source of timber and otherproducts must berecognised.,
06-Public-Land-Policies.txt,Forest management must: 39.,
06-Public-Land-Policies.txt,"REGIONALSTRATEGYPLAN - PUBLICLANDPOLICIES  ensure that the use of forests is sustainable for the full range of products and other benefits that forests provide, including recreation, water production, soil conservation andtheprotectionoffloraandfauna;  protect theidentifiedenvironmental values ofnativeforests;  ensure native forest management and timber harvesting operations are consistent withprotectionofforest environment;  have regard to the Code of Forest Practices, and in particular, minimise the permanent removal of native forest and increase the current net area of public nativeforest;  take account of any relevant State Government polices and/or strategies for conservation of natural resources and for the timber industry, especially with regard to encouragingreforestation, preferablywith nativespecies from thesame locality;  ensure that the traffic impacts from forestry uses do not have an adverse impact ontheenvironmental andlandscapevalues oftheareaandonnearbyroads; and  ensure that the land allocated for timber production is in accordance with the LandConservationCouncil recommendations adoptedbytheStateGovernment.",
06-Public-Land-Policies.txt,"6.16 Timber production Timber harvesting, both hardwoods and softwoods on public and private land, and associated activities, must be carried out in a manner which minimises any detrimental effects ontheRegion's landscape,compositionofvegetation,wildlife,soil,waterquality andyields, recreationandtransport system.",
06-Public-Land-Policies.txt,"Timber harvesting, planning and operations must have regard to the Code of Forest Practices andanyspecificlocal prescriptions.",
06-Public-Land-Policies.txt,"Working Plans for timber production on Public Land within the Region must have regardtotheneedto:  conserve the natural environment and protect flora and fauna which has been identifiedinSites ofNatural Significance;  minimise adverse visual effects on the area, and take full account of the importanceoflandscapes ofspecial significance;  protect steep slopes, gullies, watercourses, riparian areas, minimise stream crossings andconstruct culverts and/orbridges wherecrossings occur;  minimise erosion and run-off and take measures to prevent the direct entry of run-offfrom roadsurfaces towatercourses;  rehabilitate and revegetate logged areas, including log loading areas, after harvesting; and  include any proposals for construction or major reconstruction of permanent roads.",
06-Public-Land-Policies.txt,REGIONALSTRATEGYPLAN - PUBLICLANDPOLICIES 6.17 Softwood plantations Softwood plantations on Public Land within the Region must not be expanded beyond thoseareas designatedforthat purposebytheStateGovernment.,
06-Public-Land-Policies.txt,"6.18 Recreation and Tourism A wide range of recreation and tourism opportunities must be maintained and provided for on Public Land, in accordance with the relevant Recreation and Tourism Policies in Chapter16.",
06-Public-Land-Policies.txt,"6.19 Environmental education and research Environmental education awareness and research in the Region must be fostered, and areas of Public Land allocated specifically for environmental education purposes must be used and managed to provide opportunities for study of nature and natural ecosystems.",
06-Public-Land-Policies.txt,"6.21 Other policies applying to Landscape Living Policy Areas In addition to the policies contained within this chapter, Township Policy Areas may also beaffectedbypolicies applyingto:  Management ofSites ofNatural SignificanceandofNativeVegetation  Management ofSites ofCultural Significance  PuffingBillyRailwayScenicCorridor  FloodplainManagement Areas; Special StudyAreas  HumanServices  Commercial Centres  ManufacturingandIndustry  Extractiveindustry,Mining&Soil Removal  RecreationandTourism  WaterResources  ServiceNetworks  Transport  FireManagement;  ScheduleOne-StatePlanningPolicies fortheRegion  Schedule Five - List of Environmental Weeds for the Upper Yarra Valley & DandenongRanges Region  Schedule Six - Exemptions to the policies or provisions under the Regional StrategyPlan.",
07-Management-of-Sites-of-Natural-Significance.txt,REGIONAL STRATEGY PLAN - SITES OF NATURAL SIGNIFICANCE 7.,
07-Management-of-Sites-of-Natural-Significance.txt,"MANAGEMENT OF SITES OF NATURAL SIGNIFICANCE AND OTHER AREAS OF NATIVE VEGETATION 7.01 General Policy The long term protection and conservation of all remaining areas of remnant native vegetation and wildlife habitat, including that on land designated as a Site of Natural Significance, must be ensured.",
07-Management-of-Sites-of-Natural-Significance.txt,"7.02 Sites of Natural Significance Within any land that is designated as a Site of Natural Significance, as shown on Map 6 and described in Schedule 3, the clearing of native vegetation must be prohibited, except:  to provide for a land use, or the construction of a building or works, including utility services, which has been permitted under the Planning Scheme and where the native vegetation to be removed is detailed on a plan approved by the responsible authority;  where the vegetation to be removed is exempt from the permit requirements of the planning scheme.",
07-Management-of-Sites-of-Natural-Significance.txt,"Where, within a Site of Natural Significance, clearing of native vegetation is required to provide for an approved use, development, buildings or works, construct an approved building and/or its driveway, it must be ensured that:  the removal of native vegetation is subject to a planning permit;  the removal of native vegetation is minimised and that such removal does not adversely affect the integrity of the site, and  clearing of native vegetation is avoided on slopes greater than 20% or within 30 metres of a watercourse.",
07-Management-of-Sites-of-Natural-Significance.txt,"7.03 Management of land in a Site of Natural Significance Sites of Natural Significance, and where necessary the areas in their vicinity, must be protected and managed to maintain and, where possible, enhance the natural resources and characteristics identified.",
07-Management-of-Sites-of-Natural-Significance.txt,"This protection and management will be achieved by careful land use and development controls, and by the introduction of management practices which ensure that all use and development within Sites of Natural Significance are carried out in a manner which:  maintains the significance of existing native vegetation and its value as a refuge or habitat for wildlife;  prevents soil erosion;  protects the environment of watercourses;  protects the site from wildfire; 42.",
07-Management-of-Sites-of-Natural-Significance.txt,"REGIONAL STRATEGY PLAN - SITES OF NATURAL SIGNIFICANCE  includes measures to ensure that the condition of the site and the effectiveness of the program are monitored;  identifies areas within which development is to be precluded, and areas which require treatment in specified ways;  provides for an appraisal of areas in the vicinity of a Site of Natural Significance and the development of programs, where possible, which are supportive of the management of the Site of Natural Significance and for consideration of external factors in relation to the site, such as buffer zones, flight paths for birds and the need for feral animal and environmental weed control;  ensure measures are taken to eradicate environmental weed infestations, to prevent degradation of the site, and  protects the site from domestic pets and vermin.",
07-Management-of-Sites-of-Natural-Significance.txt,"7.04 Further actions for Sites of Natural Significance Further investigation of environmental resources, and identification of additional Sites of Natural Significance where desirable, must be carried out.",
07-Management-of-Sites-of-Natural-Significance.txt,"All owners and occupiers of Sites of Natural Significance should be informed of their importance and significance, and of the best ways to conserve and protect them.",
07-Management-of-Sites-of-Natural-Significance.txt,"Government Departments, Public Authorities and Councils responsible for management of land within Sites of Natural Significance must ensure their protection, and must prepare and implement programs for the proper management of that land.",
07-Management-of-Sites-of-Natural-Significance.txt,"Encouragement and assistance must be given for further research to identify additional Sites of Natural Significance and to improve knowledge of the habitat and management requirements of flora and fauna, and to coordinate the preparation of a public information program for the Region to increase public awareness of the need to identify, protect and manage these Sites.",
07-Management-of-Sites-of-Natural-Significance.txt,7.05 Additional measures to protect Native Vegetation Additional measures to maintain and enhance the integrity of native vegetation must be provided for.,
07-Management-of-Sites-of-Natural-Significance.txt,"Some of these measures include the:  facilitation and active encouragement of environmental weed eradication measures, and active discouragement of planting of environmental weeds, including the development of an environmental weed management strategy for the Region;  facilitation and active encouragement of revegetation with indigenous species, particularly in the establishment/reinforcement of wildlife corridors between Sites of Natural Significance and other areas of significant remnant vegetation;  active encouragement to fence off stock from areas containing native vegetation;  facilitation of measures to inform residents and visitors of the Region's rich natural environment and the importance of its conservation;  requirement that public utilities and firebreaks, wherever possible, are located over cleared land rather than over areas with remnant vegetation; 43.",
07-Management-of-Sites-of-Natural-Significance.txt,"REGIONAL STRATEGY PLAN - SITES OF NATURAL SIGNIFICANCE  requirement that native vegetation on roadside reserves be conserved, wherever possible, during road construction, upgrading and all other times;  investigation of the feasibility of providing incentives for the conservation of Sites of Natural Significance;  ensuring that fire prevention measures in areas of native vegetation have conservation of flora and fauna as a high priority, and that fuel reduction programs are monitored to evaluate whether the objectives are being met in the medium to long term, and  promotion of amendments to the licensing system for use of public land to ensure that conservation of Sites of Natural Significance is a high priority.",
07-Management-of-Sites-of-Natural-Significance.txt,"The Department of Conservation and Natural Resources, Councils and voluntary groups and organisations, are encouraged to develop information systems and provide advisory services to the landowners on the values, maintenance and management of native vegetation, particularly in Sites of Natural Significance.",
07-Management-of-Sites-of-Natural-Significance.txt,"Planning schemes must ensure that, within all Landscape Living, Rural and Public Land Policy Areas, a planning permit is required for the removal or clearance of native vegetation, except where exemptions apply under the planning scheme.",
07-Management-of-Sites-of-Natural-Significance.txt,7.06 Management of Sites of Natural Significance on Public Land The long-term conservation of Sites of Natural Significance on Public Land must be ensured.,
07-Management-of-Sites-of-Natural-Significance.txt,The management of Public Land containing Sites of Natural Significance must be through appropriate management programs.,
07-Management-of-Sites-of-Natural-Significance.txt,"These programs must be in conformity with the Regional Strategy Plan and must include:  identification of the location and the extent of the Site of Natural Significance;  measures to contain any adverse effects brought about by the use or development of the land which contains the Site;  measures to retain and enhance native vegetation;  consideration of external factors in relation to the site, such as buffer zones, flight paths for birds, the control of feral animals and environmental weeds, wildlife refuges and corridors for wildlife movement; and  measures to prevent degradation of the site and to ensure that the condition of the site and the effectiveness of the program are monitored.",
07-Management-of-Sites-of-Natural-Significance.txt,"Any Government Department, Public Authority or Council carrying out works or undertakings in a Site of Natural Significance, must ensure that in carrying out those works and undertakings, they have regard to:  any management program prepared for the site;  the maintenance and enhancement of landscape character;  the intrinsic value of existing vegetation and its value as a refuge or habitat for wildlife;  the prevention of soil erosion; 44.",
07-Management-of-Sites-of-Natural-Significance.txt,"REGIONAL STRATEGY PLAN - SITES OF NATURAL SIGNIFICANCE  the protection and the need for enhancement of the environment of watercourses;  the protection of the area from wildfire; and  the protection of the area from environmental and noxious weeds, vermin and domestic animals.",
08-Management-of-Sites-of-Cultural-Significance.txt,REGIONALSTRATEGYPLAN - SITESOFCULTURALSIGNIFICANCE 8.,
08-Management-of-Sites-of-Cultural-Significance.txt,"MANAGEMENT OF SITES OF CULTURAL SIGNIFICANCE 8.01 General Policy The protection and conservation of land, features or buildings designated as Sites of Cultural Significancemust beensured.",
08-Management-of-Sites-of-Cultural-Significance.txt,"8.02 Management of Sites of Cultural Significance The use, development, alteration or demolition of a site or feature, designated as a Site of Cultural Significance in Schedule 2, may only be allowed where it will be subject toaplanningpermit andwhereit is demonstratedthat:  the integrity and the special values of the site or feature will not be jeopardised; and  where relevant, advice pursuant to the provisions of the Archaeological and Aboriginal Relics Preservation Act 1972 (as amended) and/or the Historical Buildings Act 1981,has beenobtainedandhadregardto.",
08-Management-of-Sites-of-Cultural-Significance.txt,"Restoration of Sites of Cultural Significancemust beactivelyencouragedandall owners and occupiers of Sites of Cultural Significance must be informed of their site’s importanceandsignificance,andofthebest ways toconserveandprotect them.",
08-Management-of-Sites-of-Cultural-Significance.txt,"Councils and other relevant bodies, such as theVictoriaArchaeological Survey,Historic Buildings Council and National Trust of Australia (Victoria), should be encouraged to identify and evaluate further Sites of Cultural Significance, and to develop and provide information and advisory services on the importance and significance of Sites of Cultural Significance,andon thebest ways toconserve,protect andmanagethem.",
08-Management-of-Sites-of-Cultural-Significance.txt,"8.03 Management of Sites of Cultural Significance on Public Land Sites of Cultural Significance located on Public Land must be conserved and be protected from any inappropriate land uses, works or undertakings, by ensuring that (where relevant) advice is obtained from the National Trust of Australia (Vic.), the Historic Buildings Council or the Victorian Archaeological Survey, prior to any works and undertakings on or in the vicinity of these sites or features, and no demolition or destruction of these sites or features occurs without the prior agreement of the Minister forPlanning.",
08-Management-of-Sites-of-Cultural-Significance.txt,"The identification of further Sites of Cultural Significance on Public Land within the Region must be encouraged, so that these sites, if they are significant, are not destroyed oradverselyaffected.",
09-Puffing-Billy-Railway-Scenic-Corridors.txt,REGIONALSTRATEGYPLAN - PUFFINGBILLYRAILWAYSCENICCORRIDOR 9.,
09-Puffing-Billy-Railway-Scenic-Corridors.txt,PUFFING BILLY RAILWAY SCENIC CORRIDORS 9.01 The Puffing Billy Railway Scenic Corridor The Puffing Billy Railway Scenic Corridor identifies those areas that are an important component ofthelandscapeandcharacterofthePuffingBillyRailwayLine.,
09-Puffing-Billy-Railway-Scenic-Corridors.txt,"The Corridor contains built and natural features including historic railway stations and bridges, residential development, gardens and remnant vegetation.",
09-Puffing-Billy-Railway-Scenic-Corridors.txt,"It is important that the cultural and scenic significance of the Corridor, and the close and distant viewlines from the railway line, are protected by ensuring that future use and development along theCorridors areappropriatelysitedandintegratedwiththeenvironment.",
09-Puffing-Billy-Railway-Scenic-Corridors.txt,"For the purpose of applyingplanningcontrols, the Corridor is separated intoa‘primary’ scenic corridor and a ‘secondary’ scenic corridors.",
09-Puffing-Billy-Railway-Scenic-Corridors.txt,The ‘primary’ and ‘secondary’ Puffing BillyRailwayScenic Corridors are defined bythe PuffingBillyRailwayScenic CorridorOverlayintheSherbrookePlanningScheme(as at 14July1994).,
09-Puffing-Billy-Railway-Scenic-Corridors.txt,"The Primary Scenic Corridor, which denotes those areas in the immediate vicinity of the Puffing Billy Railway Line, is where use and development would potentially have thegreatest visual impact.",
09-Puffing-Billy-Railway-Scenic-Corridors.txt,"The SecondaryScenic Corridor, which denotes the more distant views from the Puffing Billy Railway Line, is where use and development still needs to be carefully controlled tomaintaintheoverall visual characterandexperienceofthecorridor.",
09-Puffing-Billy-Railway-Scenic-Corridors.txt,"9.02 Primary Purposes for the Puffing Billy Railway Scenic Corridor The important environmental, landscape and cultural character of the Puffing Billy Railway Scenic Corridors must continue to be protected.",
09-Puffing-Billy-Railway-Scenic-Corridors.txt,"Within these Corridors, the primarypurposes areto:  Protect the historic and cultural importance of the Puffing Billy Railway Line andthesceniccorridorthroughwhichit passes.",
09-Puffing-Billy-Railway-Scenic-Corridors.txt, Retain remnant vegetation in recognition of its important contribution to characterofthecorridorandtheShireandits roleas awildlifehabitat.,
09-Puffing-Billy-Railway-Scenic-Corridors.txt, Retain and enhance significant cultural landscapes and indigenous vegetation whichalso contributetotheoverall characterandinterest ofthecorridor.,
09-Puffing-Billy-Railway-Scenic-Corridors.txt," Ensure that all useanddevelopment inthecorridor,includingthealterationtoor maintenance of existingdevelopment is sited and designed so as to maintain and enhancethevisual characterandqualityofthecorridor.",
09-Puffing-Billy-Railway-Scenic-Corridors.txt," Encourage appropriate landscaping predominantly with indigenous species as a means of soil stabilisation, screening of built elements and general visual enhancement.",
09-Puffing-Billy-Railway-Scenic-Corridors.txt,"REGIONALSTRATEGYPLAN - PUFFINGBILLYRAILWAYSCENICCORRIDOR Puffing Billy Railway Primary Scenic Corridor  Ensure that any use, development or works on land within the Puffing Billy Railway Primary Scenic Corridor are appropriately designed and sited, having regardtotheneedforsuchtohaveaminimal visual effect onthat corridor.",
09-Puffing-Billy-Railway-Scenic-Corridors.txt," Retain, maintain and enhance the important and immediate existing visual environs ofthePuffingBillyRailway.",
09-Puffing-Billy-Railway-Scenic-Corridors.txt,"Puffing Billy Railway Secondary Scenic Corridor  Ensure that any use, development or works on land within the Puffing Billy Railway Secondary Scenic Corridor are appropriately designed and sited, having regard to the wider landscape needs of that corridor, particularly in respect of its relationshiptothePrimaryScenicCorridor.",
09-Puffing-Billy-Railway-Scenic-Corridors.txt," Maintain and enhance the important wider landscape and panoramas of the Puffing Billy Railway Scenic Corridor, and their value in adding to the experienceoftravellers usingtherailway.",
09-Puffing-Billy-Railway-Scenic-Corridors.txt,"9.03 Management of use and development within the Puffing Billy Railway Scenic Corridor The protection and conservation of landscapes within, and the character of, the Puffing BillyRailwayScenicCorridormust beensured.",
09-Puffing-Billy-Railway-Scenic-Corridors.txt,"Within the Puffing Billy Railway Scenic Corridor, the use or development of land (including subdivision) must be strictly controlled and may only be allowed - subject to aplanningpermit -whereit is demonstratedthat:  The location, bulk and appearance of the proposed use, development or works will not adverselyaffect thecharacterandappearanceofthecorridor.",
09-Puffing-Billy-Railway-Scenic-Corridors.txt," Appropriate landscape treatments are proposed for setback areas, particularly setbacks to the railway line, and in relation to development or works in visually exposedlocations.",
09-Puffing-Billy-Railway-Scenic-Corridors.txt," The impact of any use, development or works on the quality and character of important viewlines andpanoramas from therailwaylinecanbeminimised.",
09-Puffing-Billy-Railway-Scenic-Corridors.txt," Appropriate measures are proposed to retain and enhance the landscape character and quality of the corridor and in particular, retain remnant vegetation andrequirelandscapingpredominantlywithindigenous species.",
10-Floodplan-Management.txt,REGIONALSTRATEGYPLAN - FLOODPLAINMANAGEMENT 10.,
10-Floodplan-Management.txt,"FLOODPLAIN MANAGEMENT 10.01 General Policy The essential function of land within floodplain management areas, as a floodway and floodpondage,must beensured.",
10-Floodplan-Management.txt,"Floodplain management areas are defined as being land which would be inundated as a result of a flood event which has a probability of occurrence of 1% in any one year, as assessedbytherelevant DrainageAuthority.",
10-Floodplan-Management.txt,"The use or development of land within floodplain management areas must only be allowedwhereit canbedemonstratedthat theuseordevelopment does not:  create a situation endangering life, health or safety in the event of a flood, particularlywhere the development involves the provision of access and services such as water, sewerage, waste disposal, drainage, electricity, gas and communications;  divert or adversely affect the passage or storage of flood waters or raise flood levels onlandwithinoradjoiningthefloodway;  place demands on anydisaster or relief organisations or anyDrainage Authority, intheevent ofaflood;  create a hazard by installation, storage, processing or handling of materials or equipment which in the event of flood may become buoyant, flammable, explosive,toxicorotherwisepotentiallyinjurious tolifeorproperty;  causeerosion orsiltationofthefloodway;  increasethenatural rise,rateofriseorfall offloodwaters inthefloodway,or  alter the environment to an extent that is detrimental to the natural ecosystem andtootherestablishedlanduses withinthefloodway.",
10-Floodplan-Management.txt,"10.02 Floodplain management within Township Policy Areas The use or development (including landfill) of land a within Township Policy Areas, which is also within a floodplain management area, may only be allowed, subject to a planningpermit,for:  earthworks (includinglandfill),wheretheyarekept toaminimum;  anextensiontoanexistinglawfullyestablishedbuilding;  the construction of a building on land designated as a Flood Fringe Area, as designated on Map Series 14, provided that the floor level of that building is at least 300mm abovethefloodlevel designatedbytheDrainageAuthority.",
10-Floodplan-Management.txt,"Where a building, other than a house or similar residential building, is adjacent to similar existing development and it is necessaryto have floors or access ways at similar levels, a floor level may be specified below the level required, 49.",
10-Floodplan-Management.txt,REGIONALSTRATEGYPLAN - FLOODPLAINMANAGEMENT provided that the Drainage Authority gives its agreement and that it is satisfied that alternative flood protection measures will be taken.,
10-Floodplan-Management.txt,In no circumstance will afloorlevel bespecifiedthat is belowthe1%floodlevel.,
10-Floodplan-Management.txt,"It is to be noted that such restrictions would be altered by the construction of flood mitigation works constructed with the approval of the relevant drainage authority, such as levee banks and retarding basins, which could remove the protectedareafrom beingliabletofloodingfrom a1%floodevent.",
10-Floodplan-Management.txt,"Additional flood fringe areas within Township Policy Areas may be designated in a planningscheme,withtheagreement oftherelevant DrainageAuthority.",
10-Floodplan-Management.txt,"10.03 Floodplain management within Landscape Living and Rural Policy Areas The essential function of the floodplain management area in Landscape Living and Rural PolicyAreas, as floodwayand flood pondage area must be ensured.",
10-Floodplan-Management.txt,"Other values to be protected include agricultural production, highly sensitive landscapes, important wildlifehabitat andoutdoorrecreation.",
10-Floodplan-Management.txt,"The construction of a house (other than an extension toanexisting,lawfullyestablished, house) on land in a Landscape Living Policy Area or a Rural PolicyArea, which is also withinafloodplainmanagement area,must beprohibited.",
10-Floodplan-Management.txt,"Any other use or development (including landfill) may only be allowed subject to a planningpermit andonlywheretheresponsibleauthorityis satisfiedthat:  earthworks (includinglandfill)arekept toaminimum;  all development, includingfences, undertaken in association with an allowed use ordevelopment is kept toaminimum;  land uses whichareallowedareconfinedtothoseuses whichdonot detract from the flood pondage or create a hazard in the event of a flood and all development and works are undertaken in accordance with State Environmental Protection Policies;  in the case of landfill, there will be no creation of an island-type situation, requiring access above the flood level in the form of a causeway or isthmus - with the possible need for culverts or pipes to allow stream flows or passage of floodwaters; and  thecomments oftheDrainageAuthorityhavebeensought andhadregardto.",
11-Special-Study-Areas.txt,REGIONALSTRATEGYPLAN - SPECIALSTUDYAREAS 11.,
11-Special-Study-Areas.txt,"SPECIAL STUDY AREAS 11.01 Regional Overview The Region contains a number of ‘old and inappropriate’ subdivisions in Township, Landscape Living and Rural Policy Areas.",
11-Special-Study-Areas.txt,"These small lot subdivisions were generally created early this century and are a problem, particularly in the Dandenong Ranges and parts oftheUpperYarraValley.",
11-Special-Study-Areas.txt,"In many cases these ‘old and inappropriate’ subdivisions are located in environmentally sensitive areas and are especially inappropriate if they are also in an area prone to flooding, with high fire hazards, prone to soil erosion or in a situation where pollution and landscape degradation may result from development or where provision of social andphysical services wouldbetoocostlyornot feasible.",
11-Special-Study-Areas.txt,Investigations into many of these problems has resulted in various public acquisition and restructure programs being introduced.,
11-Special-Study-Areas.txt,"These programs are designed to jointly satisfy the environmental impact question, and also to help landowners facing difficulties withtheseproblem subdivisions.",
11-Special-Study-Areas.txt,"To a large extent, the implementation of restructure and management programs has been carried out.",
11-Special-Study-Areas.txt,Further work is required in some areas to arrive at appropriate solutions.,
11-Special-Study-Areas.txt,"The Regional Strategy Plan recognises this need by maintaining the identification of these areas, as Special StudyAreas.",
11-Special-Study-Areas.txt,The policies now in place will ensure the on-going implementation of the Special StudyAreas previouslyidentified and will provideforthe resolution of further areas that may be identified as needing similar management programs.,
11-Special-Study-Areas.txt,11.02 Primary Purpose The primary purpose for the Special Study Area policies is to ensure that potentially serious environmental and social impacts resulting from inappropriate subdivision development areovercome.,
11-Special-Study-Areas.txt,"11.03 Regional Policies Subdivision restructure programs, as identified in local sections of planning schemes should be continued.",
11-Special-Study-Areas.txt,"Further studies should be undertaken and solutions developed for those subdivisions where serious problems may still exist or may emerge, or where investigatorystudies havenot yet takenplace.",
11-Special-Study-Areas.txt,Additional subdivision restructure programs should be initiated where it can be demonstrated that serious environmental and/or social detriment will occur through the development ofanareainits present subdividedform.,
11-Special-Study-Areas.txt,Additional subdivision restructure programs may be identified where groups of small lots (usually 0.4 hectares or less) exist and where one or more of the following are present: 51.,
11-Special-Study-Areas.txt,"REGIONALSTRATEGYPLAN - SPECIALSTUDYAREAS  services such as road, water supply and sewerage cannot be provided without excessive cost and where the provision of services would have serious detrimental environmental implications;  any development will cause serious environmental damage irrespective of the degreeofservicing;  accessibility is poor and the lots are in an isolated location with regard to communityfacilities andotherservices;  thedangerfrom wildfireis acute;  development of the land would cause a detrimental visual impact on the landscapecharacterofthearea;  development will jeopardise the maintenance or enhancement of a Site of Natural SignificanceoraSiteofCultural Significance; and  wheredevelopment oftheareawouldcausesignificant trafficproblems.",
12-Human-Services.txt,REGIONALSTRATEGYPLAN - HUMANSERVICES 12.,
12-Human-Services.txt,HUMAN SERVICES 12.01 Introduction The delivery of human services in the Upper Yarra and Dandenong Ranges Region needs tobeconsideredwithinthecontext of:  Changes inthecompositionandcharacteristics oftheRegion’s population.,
12-Human-Services.txt, The necessityfor coordinated planningto ensure that services are delivered toall sectors ofthepopulationwhenandwheretheyareneeded.,
12-Human-Services.txt," The goals of providing more equitable access to opportunities, services and facilities forall members ofthecommunity.",
12-Human-Services.txt," Access to economic resources, power, essential goods and services, guaranteed equal rights and expanded opportunities for residents to participate in decision- making.",
12-Human-Services.txt,12.02 Primary Purpose The primary purpose of the Human Services Policy is to ensure that all current and future land use planning decisions are considered in relation to the impact they may have on the usage of existing human services and facilities and whether such decisions will necessitatetheprovisionofadditional services andfacilities.,
12-Human-Services.txt,The following factors need to be considered when future planning decisions are being made.,
12-Human-Services.txt," access toexistingfacilities andservices;  access toadditional facilities andservices that mayarisefrom suchdecisions;  cost oftheprovisionofservices andfacilities;  responsibilityforfunding,management andprovisionofservices andfacilities;  the timing of provision of services and facilities, including pre-planning in order for Government agencies and Councils to include estimates in their budget negotiations;  use of flexible and innovative designs (such as services provided on a mobile or sessional basis as outreach from selected major service centres within the Region)toaccommodateexistingandchangingcommunityneeds;  the possibility of cost-sharing arrangements or joint planning of facilities and services withneighbouringmunicipalities and/orRegions, and  clusteringandmultipleuseoffacilities andservices, whereappropriate.",
12-Human-Services.txt,"Councils, appropriate Government Departments and community service bodies are encouraged to work together in a cooperative and coordinated manner, in order to implement this policy.",
12-Human-Services.txt,"In particular, and in relation to any land use and development planning decision with significant implications for the availability and delivery of facilities andservices, it shouldbeensuredthat: 53.",
12-Human-Services.txt,"REGIONALSTRATEGYPLAN - HUMANSERVICES  up to date information on the nature, location and current usage of services and facilities relevant tothat decisionis available;  deficiencies of facilities andservices fortheexistingandpotential populationare identifiedandadequatelyaddressed;  anexaminationofaccessibilityofexistingservices andfacilities is carriedout;  appropriate measures are included in the planning decision, where appropriate, toimproveaccessibilitywheredeficiencies havebeenidentified; and  consideration is given to the most appropriate method of service delivery, including the possibility of innovative approaches to meeting existing or anticipateddemand.",
13-Activity-Centres.txt,REGIONAL STRATEGY PLAN - COMMERCIAL CENTRES 13.,
13-Activity-Centres.txt,"ACTIVITY CENTRES 13.01 Regional Overview The intended role of the Region's activity centres, which refer generally to what people call their ‘shopping’ and ‘community’ centres, is to provide an appropriate range of retail and commercial services - together with community and social facilities - to meet the needs of residents and visitors.",
13-Activity-Centres.txt,"This role is supported by State Government policies for metropolitan ‘activity’ centres, which encourage the clustering and integrated planning of activities in preferred centres.",
13-Activity-Centres.txt,"Major activity centres in the northern sector of the Region include Lilydale, Chirnside Park.",
13-Activity-Centres.txt,"These centres are augmented by other larger centres, including Kilsyth, Mooroolbark, Mt.",
13-Activity-Centres.txt,"Evelyn, Seville, Yarra Junction, Warburton, Healesville and Yarra Glen.",
13-Activity-Centres.txt,"The main centres in the southern sector are Belgrave, Monbulk and Upwey, most of which are on Burwood Highway.",
13-Activity-Centres.txt,There is no major activity centre comparable to Lilydale or Chirnside Park within the southern sector.,
13-Activity-Centres.txt,The policies of the Regional Strategy Plan provide a flexible and goal-oriented approach to activity centre planning.,
13-Activity-Centres.txt,"They have been developed in recognition of a number of premises, including:  that despite the growth in population and associated demand for services, the previously anticipated level of growth in retail and commercial floorspace has not occurred, resulting in an under supply in some locations;  the growth of significant ‘regional’ shopping centres outside the Region, especially at Ringwood, Croydon and Knox City, has been to some extent based on the population growth within the Region;  changes in employment location preferences and settlement patterns and the need to decrease the high level of escape retail spending that currently leaks from the Region; and  the need to provide more adequately for the Region's population growth, and to plan more effectively for commercial centre development within the Region.",
13-Activity-Centres.txt,REGIONAL STRATEGY PLAN - COMMERCIAL CENTRES Bulky goods retailing is occurring in the western parts of the Region.,
13-Activity-Centres.txt,Most of the floorspace is currently located in industrial zones.,
13-Activity-Centres.txt,"Bulky goods retailing opportunities should be provided in appropriate locations, preferably within the western part of the Region.",
13-Activity-Centres.txt,"13.02 Primary Purpose To maintain a network of vibrant activity centres that collectively offer a wide and equitably distributed range of commercial services, employment opportunities, and community infrastructure.",
13-Activity-Centres.txt,"13.03 Objectives for all Commercial Centres  Encourage retail, commercial, entertainment, community and other intensive employment generating activities to locate within established activity centres.",
13-Activity-Centres.txt," Ensure that activity centres are well designed places where people can enjoy shopping, doing business and participating in community activities.",
13-Activity-Centres.txt, Manage future use and development within activity centres that recognise and strengthen the role of the centre as set out in the Yarra Ranges Activity Centre Hierarchy Table.,
13-Activity-Centres.txt," Facilitate within activity centres, a diverse mix of land uses that contribute to net community benefit and do not adversely affect the level of service provided by other centres in the activity centre network.",
13-Activity-Centres.txt, Promote additional housing within and adjoining activity centres.,
13-Activity-Centres.txt," Ensure services are clustered and provided in a convenient location which is accessible to many by travel on foot, bicycle or improved public transport.",
13-Activity-Centres.txt," For those activity centres expected to experience further significant development pressure, prepare structure plans to set strategic directions for future land use, development and the provision of supporting infrastructure.",
13-Activity-Centres.txt,"13.04 Yarra Ranges Activity Centre Hierarchy Table Activity Centre Type Role Major Activity Centres These centres provide a large, diverse and intensive mix of retail, commercial, entertainment, cultural and other uses.",
13-Activity-Centres.txt,"Chirnside Park and Lilydale They have strong public transport links, serve a large regional-sized catchment, and are priority locations for future private and public sector development and more diverse residential development.",
13-Activity-Centres.txt,"Large Neighbourhood Activity Centres Smaller in floorspace terms than Major Activities Centres, these centres have a retail mix that is focussed on Belgrave, Healesville, Kilsyth, convenience and grocery shopping.",
13-Activity-Centres.txt,"They also provide a Monbulk, Mooroolbark, Mount Evelyn, range of community services to the surrounding Seville, Yarra Glen, Yarra Junction communities.",
13-Activity-Centres.txt,"Some of these centres, which serve a catchment that extends 56.",
13-Activity-Centres.txt,"REGIONAL STRATEGY PLAN - COMMERCIAL CENTRES Activity Centre Type Role into the rural hinterland, perform a significant role in the provision of community and civic services, with some also providing a range of facilities and services for tourists.",
13-Activity-Centres.txt,"Small Neighbourhood Activity Centres These centres have a more limited role in providing convenience retailing and community facilities for an Coldstream, Montrose, Mount immediate surrounding catchment.",
13-Activity-Centres.txt,"Dandenong, Olinda, Sassafras, Tecoma., Upwey, Wandin North, Warburton, Woori Yallock.",
13-Activity-Centres.txt,"Local Activity Centres Local Activity Centres consist of a small group of shops that typically serve a local walk-in catchment, and provide for the Examples include: daily convenience and ‘top up’ needs of local residents and Colby Drive - Belgrave South, Monbulk passing motorists.",
13-Activity-Centres.txt,Road Silvan and Switchback Road - Chirnside Park Some of these centres contain a limited number of community facilities and other uses.,
13-Activity-Centres.txt,Proposals for use and development of land should be consistent with and support the identified role for the relevant activity centre as set out in the Yarra Ranges Activity Centre Hierarchy Table.,
14-Manufacturing-and-Industry.txt,REGIONALSTRATEGYPLAN - MANUFACTURINGANDINDUSTRY 14.,
14-Manufacturing-and-Industry.txt,"MANUFACTURING AND INDUSTRY 14.01 Regional Overview The Region has a small but well established industrial base consistingof manufacturing, processing, and service industries, which range from traditional industries servicing agricultureandsawmilling,todynamicindustries inhightechnology.",
14-Manufacturing-and-Industry.txt,Over 60% of the Region's industrial establishments are located in the Lilydale area.,
14-Manufacturing-and-Industry.txt,"With most of the activity concentrated in Kilsyth, Lilydale and Chirnside Park.",
14-Manufacturing-and-Industry.txt,"These areas also have the largest amount of vacant industrial land, most of which however, is committedfordevelopment intheshort tomedium term.",
14-Manufacturing-and-Industry.txt,"There are limited numbers of, and opportunities for, industrial establishments in Healesville,Woori YallockandWesburn(whichis partiallydeveloped).",
14-Manufacturing-and-Industry.txt,"Traditionally, manufacturing industries have been regarded as a non-desirable activityin the Region.",
14-Manufacturing-and-Industry.txt,"This perception, however is gradually changing for manyindustries, which through the use of high technology, sensitive designs and siting, have acquired alevel of public acceptance.",
14-Manufacturing-and-Industry.txt,"It is important therefore that anynew industries to be attracted to the Region exhibit a high level of community acceptance, achieve compatibility with the environment andmaintenanceofamenity.",
14-Manufacturing-and-Industry.txt,The Regional Strategy Plan promotes the need to develop a sustainable economy.,
14-Manufacturing-and-Industry.txt,"Support needs to be given to the maintenance and growth of local enterprises within the agricultural, commercial, tourism and industrial areas, provided they are ecologically sustainable; maintain local amenity; and are accepted by the community at large as contributingtowards animprovement inlifestyles fortheRegion's residents.",
14-Manufacturing-and-Industry.txt,"Despite the employment opportunities available within the Region, the outer eastern suburbs of Melbourne will continue to provide the major employment source for the Region’s residents.",
14-Manufacturing-and-Industry.txt,"However, growth in employment will be closely linked to the changes occurringthroughtheincreasedprovisionoftertiaryeducationintheRegion.",
14-Manufacturing-and-Industry.txt,"14.02 Primary Purpose The primary purpose for the manufacturing and industry policies is to control and coordinate the provision of land for industry, whilst providing for an increase in employment opportunities for local communities.",
14-Manufacturing-and-Industry.txt,"At the same time it is intended to control the nature and scale of development so that environmental values such as flora, fauna, water quality and yields, air quality and landscape values are not adversely affected,andthat theresidential amenityoftheareais maintained.",
14-Manufacturing-and-Industry.txt,"14.03 Existing industrial zones Industrywill be encouraged to locateinexistingIndustrial Zones and,wherepossible,to makemoreefficient useofvacant andpartlydevelopedland.",
14-Manufacturing-and-Industry.txt,"In providing for industrial or manufacturing uses and development, planning authorities must ensurethat: 61.",
14-Manufacturing-and-Industry.txt,"REGIONALSTRATEGYPLAN - MANUFACTURINGANDINDUSTRY  areticulatedsewerageandwatersupplyis available;  appropriate off-street parking, vehicular access and loading facilities are provided;  the siting, design and appearance of buildings have minimal adverse impact on thesurroundinglandscape;  all liquid and other wastes will be disposed of in an appropriate manner, and noise minimised, in accordance with the requirements of the Environment ProtectionAuthority,toensuretheprotectionoftheamenityofthearea;  the safetyand amenityof residential areas near an industrial use are protected by controllingheavytrucktraffic;  where applicable, large storage areas are separated from residential areas and screenedfrom publicview;  wherever possible, industrial uses are grouped to ensure the economical provision,extensionandmaintenanceofutilities, and  adequate provision is made for the landscaping of site and that appropriate controls are put in place to cover maximum building site coverage, and appropriateset backs toensureadequatelandscapingofsite.",
14-Manufacturing-and-Industry.txt,14.04 Additional land for industry Additional land for industry may be provided in appropriate areas in the Region in accordance with performance standards.,
14-Manufacturing-and-Industry.txt,"Prior to land being rezoned for industrial or manufacturinguses, it must bedemonstratedthat:  there is a need for such land in the area, and that the land proposed to be rezoned is both suitable and capable of supporting the industrial and/or manufacturing uses sought;  therearenophysical and/orenvironmental constraints affectingtheland;  noiseandodourdischarges will becontrolled,toprotect theamenityofadjoining areas, particularly any nearby residential areas, in accordance with standards approvedbytheE.P.A.",
14-Manufacturing-and-Industry.txt," the rezoning will not have adverse effect on the Region's environmental values, includinglandscape,flora,fauna,water,andairquality;  the rezoning will not have an adverse effect on the Region's agriculture, tourism, andrecreational activities, oronroads orresidential amenity;  the land is located so that it can be serviced by a major access route and that therewill benoadverseimpacts onsurroundingroads;  asuitablebufferfrom residential development canbeprovided,and  there is adequate provision of essential services and suitable provision for treatment of solid and liquid wastes and disposal of effluent, preferably through theprovisionofreticulatedliquidwastedisposal facilities.",
14-Manufacturing-and-Industry.txt,14.05 Saw Mills 62.,
14-Manufacturing-and-Industry.txt,"REGIONALSTRATEGYPLAN - MANUFACTURINGANDINDUSTRY New sawmills may be allowed in existing industrial zones or in appropriate zones withinRural PolicyAreas, providedthat it is demonstratedthat;  thesiteis suitableandcapableofsupportingsuchauseanddevelopment;  there are no physical or environmental constraints affecting the land on which thedevelopment andusewill occur;  detriment tothelandscapevalues oftheareawill beminimised;  thereis adequateprovisionofessential services;  noise and waste discharges to the environment are controlled and are in accordancewithstandards approvedbytheE.P.A.;  the land is not within an area subject to high bush fire danger and that appropriatemeasures forfirepreventionaretaken,and  the land is serviced with suitable vehicular access and the development will not causeadversetrafficimpacts onsurroundingroads.",
14-Manufacturing-and-Industry.txt,"14.06 Employment Issues In support of the primary purposes for these policies, consideration must be given not only to employment generation, but to servicing the educational and training needs of theRegion's residents.",
14-Manufacturing-and-Industry.txt,"Ways inwhichthis canbeachievedinclude:  examining ways in which the employment base of the Region can be broadened, includingtertiaryemployment;  working with appropriate authorities to establish new employment initiatives which more adequatelyutilise the readysource of labour, particularlythe young, the unemployed and those on low incomes who have to commute long distances tofindemployment; and  working with appropriate educational bodies to ensure the development of a comprehensive range of training and retraining opportunities for the Region's workforce.",
"15-Extractive-Industry,-Mining-and-Soil-Removal.txt","REGIONAL STRATEGY PLAN - EXTRACTIVE INDUSTRY, MINING & SOIL REMOVAL 15.",
"15-Extractive-Industry,-Mining-and-Soil-Removal.txt","EXTRACTIVE INDUSTRY, MINING AND SOIL REMOVAL 15.01 Regional Overview Extractive industry, which include extraction of hard rock and clay, occurs in a number of locations in the Region, in a manner that has remained relatively unchanged over many years.",
"15-Extractive-Industry,-Mining-and-Soil-Removal.txt",It is an activity that is important in the provision of materials for road making and manufacturing of roofing tiles.,
"15-Extractive-Industry,-Mining-and-Soil-Removal.txt","In order to protect top soil as an essential natural resource, the prohibition on soil removal, particularly for commercial purposes, will be reinforced and the removal of soil will only be allowed when associated with an approved development, such as buildings and dams.",
"15-Extractive-Industry,-Mining-and-Soil-Removal.txt","Mining is a minor activity in the Region, with only one small gold mine at Hoddles Creek which has not operated for some years.",
"15-Extractive-Industry,-Mining-and-Soil-Removal.txt","15.02 Primary Purpose - Extractive Industries The primary purpose of the Extractive Industries Policies is to control the development and siting of existing and future extractive industry operations, so as to ensure minimal detrimental impact on the Region's environment, landscape and water resources and on the amenity of its residents.",
"15-Extractive-Industry,-Mining-and-Soil-Removal.txt","15.03 Extractive Industry policies Extractive Industry, whether as an expansion of an existing operation or through the establishment of a new operation, must be controlled to minimise detriment to the Region's environment, landscape and water resources and on the amenity of its residents.",
"15-Extractive-Industry,-Mining-and-Soil-Removal.txt",All extractive industry sites must be satisfactorily rehabilitated in accordance with conditions specified in the relevant extractive industry approvals for the site.,
"15-Extractive-Industry,-Mining-and-Soil-Removal.txt",New extractive industry operations must not be established within the Mt.,
"15-Extractive-Industry,-Mining-and-Soil-Removal.txt","Dandenong Ridge Area, National/State Parks, closed catchments, the Yarra Tributaries, Reference Areas, Sites of Natural and Cultural Significance, the Puffing Billy Railway Scenic Corridor and within any ‘Environmental Living Zone’.",
"15-Extractive-Industry,-Mining-and-Soil-Removal.txt","The expansion of an existing extractive industry may occur within a Site of Natural Significance provided that the expansion is in accordance with a detailed working plan, which has been agreed by the responsible authority and which restricts the removal of vegetation to specific areas shown within that detailed working plan.",
"15-Extractive-Industry,-Mining-and-Soil-Removal.txt",15.04 Primary Purpose - Mining The primary purpose of the Mining Policies is to facilitate the development and siting of existing and future mining operations in a manner which minimises detrimental effects 64.,
"15-Extractive-Industry,-Mining-and-Soil-Removal.txt","REGIONAL STRATEGY PLAN - EXTRACTIVE INDUSTRY, MINING & SOIL REMOVAL on the Region's environment, landscapes, water resources and the amenity of the Region's residents.",
"15-Extractive-Industry,-Mining-and-Soil-Removal.txt","15.05 Mining policies Mining operations must be designed and managed to minimise detriment to the Region's environment, landscapes, water resources and the amenity of the Region's residents Mining operations must only be established in accordance with a planning approval unless the proposal has been the subject of an Environmental Effects Statement.",
"15-Extractive-Industry,-Mining-and-Soil-Removal.txt",New mining operations must not be established within the Mt.,
"15-Extractive-Industry,-Mining-and-Soil-Removal.txt","Dandenong Ridge Area, National/State Parks, closed catchments, Yarra Tributaries, Reference Areas, Sites of Natural and Cultural Significance and in the Puffing Billy Railway Scenic Corridor.",
"15-Extractive-Industry,-Mining-and-Soil-Removal.txt",Rehabilitation of mining sites must be in accordance with the conditions as specified by the licence issued under the Mineral Resources Development Act 1993.,
"15-Extractive-Industry,-Mining-and-Soil-Removal.txt","15.06 Land management provisions for extractive industry, mineral prospecting and mining Any extractive industry or mining proposals which require planning approval must demonstrate that:  there is a need for the particular use or development at that specific location;  the nature and intensity of the use or development is appropriate on that specific site;  any undesirable effects of the use or development by reason of its appearance, use or discharge of noise or wastes into the environment or any other detrimental effects on the landscape, soil erosion or water quality or on the amenity of the surrounding areas, will be minimised or controlled;  all works will be carried out in accordance with the conditions specified in any permit issued or any exploration or mining licence issued by the relevant Minister;  noise and waste discharges will meet the requirements of the Environment Protection Act;  traffic will be controlled so that there will be minimal impacts on adjoining roads, particularly those giving access to residential areas and measures to minimise dust emanating from vehicles using the site are instituted;  any adverse effects of the use or development on the amenity of the local residents are minimised;  advertising signs and/or company identification signs are located and designed so they do not detract from the landscape character of the area nor unnecessarily distract passing traffic;  the intrinsic value of existing native vegetation and its value as a refuge or habitat for wildlife is maintained;  the advice of the relevant Minister is obtained under the provisions of the Environment Effects Act, 1978, prior to the approval of any rezoning; and 65.",
"15-Extractive-Industry,-Mining-and-Soil-Removal.txt","REGIONAL STRATEGY PLAN - EXTRACTIVE INDUSTRY, MINING & SOIL REMOVAL  if the land is Public Land, agreement is obtained from the relevant Public Authority, Government Department or Council that controls the land.",
"15-Extractive-Industry,-Mining-and-Soil-Removal.txt","15.07 Primary Purpose - Soil Removal The primary purpose of the Soil Removal Policy is to strictly control, and where necessary prohibit, the removal of soil in all Rural and Landscape Living Policy Areas in order to protect the soil as an agricultural resource and to avoid soil erosion and land degradation.",
"15-Extractive-Industry,-Mining-and-Soil-Removal.txt","15.08 Soil removal policies Soil removal in Rural and Landscape Living Policy Areas Soil removal in all Rural and Landscape Living Policy Areas must be subject to planning approval and must only be allowed where:  the soil to be removed is surplus to the construction or maintenance of an approved dam which is necessary for the supply of water to the agricultural use of that land or for domestic and/or industrial water supply purposes and where the retention of that surplus soil on the subject land would reduce its suitability and/or capability for the continuation of its existing or a future agricultural operation, or  the soil to be removed is to allow for the carrying out of an approved use or development, for which the retention of that soil would prejudice the use or development of the land, and the consideration and approval of that soil removal was part of the approval of the use or development.",
"15-Extractive-Industry,-Mining-and-Soil-Removal.txt","Soil removal for public works and undertakings Removal of soil by a Council, Government Department or Public Authority in association with works and undertakings or for normal maintenance operations, will be allowed, provided sufficient suitable soil is retained on site for use in appropriate rehabilitation of batters and other exposed earthworks.",
16-Recreation-and-Tourism.txt,"It integrates environmental objectives with economic and social goals, by encouraging the tourist industry to develop with themes compatible with environmental protection, and by creating jobs for local people.",
16-Recreation-and-Tourism.txt,"Dandenong Ridge Area Consistent with the general recreation and tourism policies, the further provision and/or expansion of recreation or tourism facilities on Public Land in the Mt.",
16-Recreation-and-Tourism.txt,"In the Dandenong Ranges, the diverse range of cultural attractions, the picturesque gardens, and the contrasting urban-rural landscapes and bushland settings provide an ideal focus for local, interstate and international visitors.",
16-Recreation-and-Tourism.txt," Encourage a diverse range of tourist activities and facilities in appropriate locations, consistent with identified themes.",
16-Recreation-and-Tourism.txt,"Strategies to assist in the implementation of this policy include:  promotion of short-break accommodation opportunities, as a means of spreading visitor loads, particularly in the Dandenong Ranges and other overloaded areas;  promotion of activities and facilities which entice overnight stays, such as nocturnal animal observation at the Healesville Sanctuary and Koori (Aboriginal) cultural activities at the proposed Aboriginal Cultural Centre;  development of selected wineries and vineyards as tourist attractions in the Region, which highlight the Region's viticulture and wine making industry, and the provision of information and interpretation on these activities;  development of Mt.",
16-Recreation-and-Tourism.txt,"Government Departments and Public Authorities which own/control and manage the disused Lilydale - Warburton Railway Reserve must support the implementation of, and give effect to, the `Lilydale-Warburton Railway Reserve Recreation Management Plan July 1988' when considering works or undertakings on the Reserve or when considering the disposal of any land which is part of, or associated with, this Railway Reserve.",
16-Recreation-and-Tourism.txt,"The reservoir parks associated with Melbourne’s water supply, such as Maroondah and Silvan reservoirs, have been popular for decades as a `developed' recreation setting.",
16-Recreation-and-Tourism.txt,"Two of Victoria's major tourist attractions, the Healesville Sanctuary and the Puffing Billy Tourist Railway, are located within the Region.",
16-Recreation-and-Tourism.txt,"However there is a need to carefully plan and coordinate the development of these facilities, to ensure that the Region's most valued assets - its environmental and landscape qualities - are maintained.",
16-Recreation-and-Tourism.txt,"The designation of tourist routes must include consultation with Vic Roads, local Councils and, where appropriate, the Department of Conservation and Natural Resources, Melbourne Parks and Waterways and other relevant bodies.",
16-Recreation-and-Tourism.txt,Dandenong Ridge Area must be limited.,
16-Recreation-and-Tourism.txt,"This is necessary to reduce the pressures of over use on the important landscape, environmental and visitor attraction values of the Region, particularly in the Dandenong Ranges.",
16-Recreation-and-Tourism.txt,"16.15 Tourist accommodation The use or development of land for tourist accommodation must be controlled to protect the amenity of residents and the visual and environmental capacity of the area, and to ensure consideration is given to the primary purposes of the relevant policy area for the land.",
16-Recreation-and-Tourism.txt,"To achieve this, a planning permit must be required to develop new tourist accommodation establishments.",
16-Recreation-and-Tourism.txt,"16.06 Recreation and tourism in Township Policy Areas The provision of recreation and tourism facilities and services in Township Policy Areas must be carried out in a manner which:  ensures that any new facilities and/or services are located and designed to be compatible with the current and future needs of local residents and visitors, and  maximises economic and other benefits to the local community, while minimising adverse impacts on the amenity of local residents, and on the area's landscape character and environment.",
16-Recreation-and-Tourism.txt,"Roadside signs and other directional information, particularly those directing visitors to tourist and other attractions, should ensure that they are not a hazard to motorists, pedestrians or property, and that the important landscape, environmental and amenity values of the Region are not detrimentally affected.",
16-Recreation-and-Tourism.txt,"16.19 General use and development policies for tourism and recreation facilities In order to conform with these policies, and to ensure the sustainability of environmental amenity and opportunities for recreation and tourism, any use or development for recreation or tourism purposes, which requires a planning permit, must comply with the following:  Any undesirable effects of the use or development by reason of its appearance, discharge of wastes into the environment, excessive noise or traffic generation, or the like, must be minimised and/or controlled.",
16-Recreation-and-Tourism.txt,"In addition, there is significant tourist activity associated with the Yarra Valley wine industry.",
16-Recreation-and-Tourism.txt,"As Melbourne continues to grow in area and population, particularly in the South East Growth Area (Berwick and Pakenham), it is expected that the number of Melbourne residents using major parks just beyond the metropolitan area will also grow.",
16-Recreation-and-Tourism.txt,"16.14 Caravan parks Land which is proposed to be used for a caravan park must either be located within:  a Township Policy Area or a Rural Policy Area and be included within a zone that specifically provides for such uses; or  the townships of Warburton, Healesville and Yarra Glen, where the use may be allowed subject to a planning permit.",
16-Recreation-and-Tourism.txt, The intrinsic value of existing native vegetation and its value as habitat for wildlife must be protected.,
16-Recreation-and-Tourism.txt,"16.23 Promotion of Public Land for recreation Government Departments and Public Authorities responsible for the management of recreation facilities must, when preparing management plans, make provision for the establishment or continued use of appropriate recreation facilities in the Lysterfield Lake Park and other appropriate public land areas beyond the Mount Dandenong main ridge.",
16-Recreation-and-Tourism.txt,REGIONAL STRATEGY PLAN - RECREATION AND TOURISM  Any advertisements or signs must be located and designed so that they do not detract from the landscape character or unnecessarily distract passing traffic.,
16-Recreation-and-Tourism.txt,"Opportunities for recreation and tourism activities and facilities in the Upper Yarra Valley must be promoted, to increase its attractiveness as an alternative to the Dandenong Ranges.",
16-Recreation-and-Tourism.txt," Encourage positive attitudes amongst the Region's residents, relevant bodies and local councils towards the development of recreation and tourism in the Region, including the provision of associated education and training opportunities and to provide for public consultation.",
16-Recreation-and-Tourism.txt,"Approximately 70% of the Region's land is held in public ownership, and within this area significant land has been set aside for parks.",
16-Recreation-and-Tourism.txt,"Preference in implementing this policy should be given to, accommodation associated with other attractions; improvement or redevelopment of existing accommodation facilities, additional small scale developments, such as bed and breakfast establishments; low cost accommodation such as camping facilities; and accommodation in association with appropriately located restaurants.",
16-Recreation-and-Tourism.txt,"REGIONAL STRATEGY PLAN - RECREATION AND TOURISM 16.05 Visitor effect on environmental capacity Visitors who do come to the Region need to be enticed to stay for longer periods and day trippers need to be diverted away from the Dandenong Ranges, to areas appropriate for tourism and recreation in the Upper Yarra Valley.",
16-Recreation-and-Tourism.txt,`Natural' recreation areas are generally found in the forested areas of the ranges surrounding the Yarra Valley and in the Olinda State Forest and at Mt.,
16-Recreation-and-Tourism.txt,"16.24 The Yarra River System The Yarra River and its main tributaries below the major water supply reservoirs/dams must be recognised as a special recreational feature, and encouragement must be given to the provision of opportunities, where appropriate, for a variety of recreational activities, including walking tracks, picnic areas, and access for water-based activities.",
16-Recreation-and-Tourism.txt,"16.08 Recreation and tourism in Rural Policy Areas A diverse range of recreational and tourism opportunities are to be encouraged in appropriate locations in Rural Policy Areas provided that they are in keeping with, and enhance, the existing overall character of the area and the maintenance of rural and agricultural pursuits, visual and environmental quality and residential amenity.",
16-Recreation-and-Tourism.txt,"16.09 Promotion of tourism and recreation The Region should be promoted for tourism and recreation through major themes, which have been identified as major strengths and which reflect the values important to the Region and its visitors.",
16-Recreation-and-Tourism.txt,"Outdoor social activities such as picnics and barbecues have maintained their traditional appeal, particularly for family groups and organisations.",
16-Recreation-and-Tourism.txt,"16.20 Transport modes The use of transport modes other than private motor vehicles, for recreation and tourism activities, must be encouraged in order to lessen any adverse effects on the Region's environment and residential amenity, and to reduce traffic demands on the Region's road system.",
16-Recreation-and-Tourism.txt,"These themes include:  Lifestyle experiences, health, good living;  Rural environment (space, vistas, agriculture);  Wineries;  Natural environment (mountains, forests, rivers and streams, flora and fauna);  Major attractions (e.g.",
16-Recreation-and-Tourism.txt,"The Department of Conservation Natural Resources, Melbourne Parks & Waterways, Council and other relevant public agencies, in consultation with Council, must review and coordinate the use of water frontages in the Yarra River catchment within the Region.",
16-Recreation-and-Tourism.txt,"Healesville Sanctuary, Puffing Billy Railway, Upper Yarra Dam, Mt Donna Buang), and  History and Heritage (e.g.",
16-Recreation-and-Tourism.txt,"timber, gold, water, guesthouses, pioneer skills).",
16-Recreation-and-Tourism.txt," Facilitate resolution of existing problems or deficiencies in tourism and recreation infrastructure, through coordination between Government Departments and other relevant public agencies, Councils and local tourism and recreation bodies.",
16-Recreation-and-Tourism.txt,The Region's greatest range of opportunities for development of recreation and tourism facilities are within the Yarra Valley.,
16-Recreation-and-Tourism.txt,This Strategy adopts a positive approach.,
16-Recreation-and-Tourism.txt,"This is to ensure the recognition of regional and local priorities, to assist in the proper allocation of available resources, and to enable the assessment and addressing of possible impacts on the residents, landscapes and environment of the Region.",
16-Recreation-and-Tourism.txt, Adequate car parking for the use or development must be provided on the site; 72.,
16-Recreation-and-Tourism.txt,REGIONAL STRATEGY PLAN - RECREATION AND TOURISM 16.,
16-Recreation-and-Tourism.txt,"A number of recent recreational trends need to be taken into account in the planning, development and management of the Region's open space.",
16-Recreation-and-Tourism.txt,"The challenge is to ensure that such gains can be achieved with minimum disruption to the environment, to the amenity of the local area, and to its community.",
16-Recreation-and-Tourism.txt,Government Departments and public authorities and Councils responsible for the management of recreation and tourism facilities within the Mt.,
16-Recreation-and-Tourism.txt,"REGIONAL STRATEGY PLAN - RECREATION AND TOURISM 16.07 Recreation and tourism in Landscape Living Policy Areas A limited range of recreational and tourist opportunities may be allowed in appropriate locations within Landscape Living Policy Areas, provided they are in keeping with and enhance the overall character of the area, and they maintain the visual, environmental quality and residential amenity of the area.",
16-Recreation-and-Tourism.txt,"Donna Buang as an all-season tourist destination, with an emphasis on the nearest snow-play area to Melbourne, its magnificent scenery, and the opportunity for healthy outdoor activities, provided that the adjacent Watts River and Maroondah catchment are properly protected;  development of a variety of tourist/visitor accommodation, including low-key farm holiday opportunities and associated outdoor activities;  development of attractions associated with timber getting and gold mining;  re-establishment of the historic rail service from Lilydale to Healesville, with the operation of old steam trains, and the re-development of Healesville Railway Station as an attraction featuring transportation history and related matters;  development of roadside signs in appropriate locations to guide day-trippers to other tourist locations away from the Dandenong Ranges;  development of and crafts activities related to established themes; and  establishment of restaurants, tearooms and coffee houses reflecting the hospitality trade of the area.",
16-Recreation-and-Tourism.txt,"The Yarra Valley's reputation for cool-climate quality wines is spreading, with an increasing recognition of the potential for related eating and overnight accommodation facilities, in select parts of the Region.",
16-Recreation-and-Tourism.txt, The proposed use or development must not contribute to an over-development of a particular area.,
16-Recreation-and-Tourism.txt,"The primary purpose of policies for recreation and tourism on Public Land is to manage, maintain, and where necessary, improve existing recreation and tourism facilities, and to provide additional facilities and opportunities for a variety of recreational and tourism activities, whilst ensuring that any adverse effects on natural resources, water quality, landscape, environmental character and environmental values, residential amenity and roads, are minimised.",
16-Recreation-and-Tourism.txt,These plans should also provide for the publishing of brochures and other material promoting the use of these areas for suitable recreational activities.,
16-Recreation-and-Tourism.txt,There is evidence of greater interest in unstructured outdoor activities such as walking and cycling within `natural' settings.,
16-Recreation-and-Tourism.txt,Both `developed' and `natural' parks within the Region attract thousands of visitors annually.,
16-Recreation-and-Tourism.txt,"Dandenong Ridge Area, must ensure that there is generally no further provision of such facilities within this area, but at the same time, recognise the possibility for upgrading and relocating existing facilities.",
16-Recreation-and-Tourism.txt,"16.02 Regional Goals The regional goals for Recreation and Tourism Policy are to:  Facilitate further development of the Region's recreation and tourist attractions and facilities, whilst protecting the environment, the landscape and the amenity of the Region and its residents.",
16-Recreation-and-Tourism.txt,"16.11 Information and interpretation Tourism and recreation information and interpretation facilities for the Upper Yarra Valley and the Dandenong Ranges (including appropriate signage) need to be provided in appropriate locations, to inform visitors of the nature and location of tourism and recreation facilities and services available.",
16-Recreation-and-Tourism.txt,"The opportunity for residents to use such facilities and activities must also be considered 16.04 Protection of the environment, landscapes and resident’s amenity Wherever possible, and for all new developments, recreation and tourism activities must be conducted in appropriate locations in the Region, away from areas where the impacts of such activities could be detrimental to the area's residents or to its environmental and landscape values.",
16-Recreation-and-Tourism.txt,"REGIONAL STRATEGY PLAN - RECREATION AND TOURISM  the possibility of including disused linear features such as the Silvan aqueduct, disused railway reserves, road reserves, stream reserves and utility easements to create a network of walking, horse riding and bicycle tracks throughout the Region;  where appropriate, the feasibility of leasing private land for purposes of linear linkages with Public Land;  the need for such facilities, and their integration with existing facilities in particular locations, and  the effects on local residents, on the environment, and on the landscape of the area in which any such facility is to be situated.",
17-Water-Resources.txt,REGIONALSTRATEGYPLAN - WATERRESOURCES 17.,
17-Water-Resources.txt,"WATER RESOURCES 17.01 Regional Overview A major part of the Region, is used for water harvesting purposes.",
17-Water-Resources.txt,"The Yarra River System upstream of YeringGorge and parts of Thomson Forest areusedas watersupply catchments fortheMelbournemetropolitanarea,MorningtonPeninsulaandtheRegion.",
17-Water-Resources.txt,"Maintenance of high water quality for domestic and other beneficial uses and maintenance of environmental values are primary objectives, and the policies in this section have been developed specifically to achieve that objective.",
17-Water-Resources.txt,As most of the Region is used as a catchment for Melbourne's water supply the policies reflect this importance.,
17-Water-Resources.txt,The policies of the Regional Strategy Plan have been prepared on the basis of a total catchment approach to water resource conservation.,
17-Water-Resources.txt,Policies in this section concentrate on the waterways and adjacent lands and on issues specifically related to water harvesting.,
17-Water-Resources.txt,"River systems, including floodplains, are of particular significance because of their role in transferring water in times of flood, the habitat they provide for flora and fauna, and the recreational opportunities they offer.",
17-Water-Resources.txt,The Yarra River and its tributary streams and creeks arewidelyrecognisedas ariversystem withspecial values.,
17-Water-Resources.txt,"Policies for Water Resources and the Yarra River System are included under the followingheadings, andrelatetoMapSeries 4:  WaterHarvestingPolicies,whichdesignatethelandareas forwaterharvesting;  Water Quality Policies, which indicate the standards for water quality objectives and specifylandusepractices conducivetomaintenanceofhighwater quality;  Water Supply Policies, which specify the priorities for reticulated water supply systems; and  River and Stream Management Policies, which propose co-ordinated approaches for stream management generally and for the Yarra River and its tributaries inparticular.",
17-Water-Resources.txt,17.02 Water Resources Goals Theregional goals forthewaterresourcepolicies areto:  ensure that the forested catchments used for water production continue to be usedsolelyorprimarilyforthis purposeandmaintainthis potential;  ensure that all local water supply catchments identified in Map 4 continue to be usedsolelyorprimarilyforthis purposeandmaintainthis potential;  ensure that the catchment of the Yarra River above Yering Gorge retains the potential forwatercollectionforpotablepurposes; 76.,
17-Water-Resources.txt,"REGIONALSTRATEGYPLAN - WATERRESOURCES  ensure that water catchments outside the Yarra River catchment retain the potential toharvest watersuitableforvarious defineduses;  achieve the water quality objectives as specified by State Environment ProtectionPolicies;  protect, as far as possible, existing water quality and yield in those catchments subject tochanges inlanduseorlandmanagement;  minimise harmful environmental effects when the collection, harvesting, transportingandusingofwateris undertaken; and  promote the use of off-stream water storages in preference to on-stream storages in order to maintain stream flows and to reduce environmental impact on flora andin-stream fauna.",
17-Water-Resources.txt,Water Harvesting 17.03 Primary Purpose The primary purpose of the water harvesting policies is to maintain the opportunity for high water quality harvesting for domestic and other beneficial uses from the Yarra Riverandothercatchments withintheRegion.,
17-Water-Resources.txt,"17.04 Melbourne Water Catchments All catchments, storages, diversion, and transfer works under the control of Melbourne Water except for those areas already used and managed by Melbourne Water, may continuetobeusedandmanagedsolelyforwaterharvestingandproductionpurposes.",
17-Water-Resources.txt,Catchment management measures undertaken by Melbourne Water should ensure that conservation and environmental values of these catchments are recognised and protected.,
17-Water-Resources.txt,"Any expansion of recreational activities, particularly at Sugarloaf Reservoir, must be carefullymonitored byMelbourne Water, in order to protect both the catchment and the surroundingenvironment.",
17-Water-Resources.txt,"17.05 Local Catchments All local water supply catchments may continue to be used for water harvesting purposes, as required.",
17-Water-Resources.txt,"On the advice of the Department of Conservation and Natural Resources, planning authorities and Melbourne Water must carefully control uses and activities within local catchments, which may have detrimental effects on water quality andyields.",
17-Water-Resources.txt,Water Quality 17.06 Primary Purpose The primary purpose of the water quality policies is to ensure that all land uses are managed in a manner compatible with water quality objectives as determined by the Government inStateEnvironment ProtectionPolicies.,
17-Water-Resources.txt,REGIONALSTRATEGYPLAN - WATERRESOURCES 17.07 Regional Policy All land uses and development of Public and private land must be managed so as to maintain water quality objectives for the Region as determined by the Government in StateEnvironment ProtectionPolicies.,
17-Water-Resources.txt,"17.08 Timber harvesting in closed catchments Timber may only be harvested in Melbourne Water's closed catchments as a management tool for maintenance of water yields and/or quality, as part of forest hydrologyexperiments ortosalvagefiredamagedtimber.",
17-Water-Resources.txt,17.09 Land use management All land use and development within the Yarra River catchment upstream of Yering Gorge must be carried out in accordance with the need to maintain and improve water qualityandyields forpotablepurposes.,
17-Water-Resources.txt,"In addition to the specific land use controls and provisions contained in other policies of the Regional Strategy Plan, Government Departments, Public Authorities, Councils and planningauthorities must ensurethe:  containment ofurbangrowth;  provision of appropriate waste water management facilities to all residential, commercial andindustrial development;  provision for special policy areas along significant watercourses, where appropriate, and the protection of all watercourses and their environs against inappropriateuse;  promotion of good agricultural resource management techniques on rural lands, in order to protect the soil and water resources, including attention to the responsible use and application of fertilisers and biocides, cultivation techniques andtherecyclingofwastewater;  delineation, where appropriate, of land liable to flooding and specification of suitablelanduses;  maintenance of adequate stream flow to ensure protection of the biota and the aestheticqualityoftheYarraRiverandstream system;  retention of riparian vegetation and the protection of the aquatic environment, andappropriaterevegetationoftheseareas;  sympathetic design of buildings, roads and other infrastructures, the employment of sensitive development practices to minimise run-off and the prompt revegetation and stabilisation of disturbed surfaces, in order to minimise run-off anderosion; and  revegetation with appropriate native species of denuded and degraded stream banks, andenhancement oftheexistingnativevegetationalongwatercourses.",
17-Water-Resources.txt,REGIONALSTRATEGYPLAN - WATERRESOURCES Water Supply 17.10 Primary Purpose The primary purpose of thewatersupplypolicies is toensurecontinuationofsupplyof highqualitydomesticwaterfortheMelbournemetropolitanareaandtheRegion.,
17-Water-Resources.txt,"17.11 Water Reticulation Investment in new or improved reticulated water supply systems must be directed to serve Township Policy Areas, Landscape Living Policy Areas and designated Special Study Areas and must be co-ordinated with the provision of waste water management facilities andmust recognisetheneedforfirefightingpurposes.",
17-Water-Resources.txt,"River Management 17.12 Primary Purpose The primary purpose of the river and stream management policies is to provide for co-ordinated multi-purpose management of each of the stream systems in the Region, to ensureefficient useofresources andtoprotect theriparianenvironment.",
17-Water-Resources.txt,"17.13 Coordination policy The Yarra River and its tributaries in the Region must be recognised as a single system withmultiplefunctions, andits management must beco-ordinated.",
17-Water-Resources.txt,"Further research into the Yarra River and its tributaries, particularly the Yarra Valley wetlands, including measures for protection and rehabilitation of natural habitats and systems, shouldbeencouraged.",
17-Water-Resources.txt,"17.14 Multiple use of streams and waterways Other than those waterways in catchments managed by Melbourne Water, all streams and waterways must be managed to retain the potential for multiple use and take account of water harvesting requirements, demands for recreation, environmental protectionandenhancement ofcultural values andlandscapeaesthetics.",
17-Water-Resources.txt,"Government Departments and public authorities responsible for river and catchment management areencouragedto:  liaise and share information to ensure consistent and co-ordinated policies and management for water resources, environmental protection and enhancement, anduseofwaterways; and  recognise that rivers, streams and watercourses within the Region are natural ecosystems, which must be used and managed so as to ensure that their ecological processes, native species and features of scientific, cultural or scenic significanceareprotectedandenhanced.",
17-Water-Resources.txt,"Relevant river and catchment management authorities must be encouraged to implement policies which will ensure the co-ordinated multi-purpose use of rivers and streams withintheRegion,consistent withtheRegional StrategyPlan.",
18-Service-Networks.txt,"84 REGIONALSTRATEGYPLAN - SERVICENETWORKS Reticulated waste water management systems, for policy areas other than Township Policy Areas, may be provided only where the servicing agency has demonstrated that the:  existing waste water management techniques are havingadverse effects on water quality and that sewerage is needed to remove or avoid adverse effects on the environment ofthearea;  use of various on-site treatment and disposal systems has been investigated for the proposed area and would be inadequate or unnecessarily costly, or have an adverseimpact ontheenvironment ofthearea; and  planning, design and construction of the preferred system is consistent with the objectives ofthePolicyArea/s withinwhichtheproposal is tobelocated.",
18-Service-Networks.txt,"When proposing and planning reticulated sewerage schemes, the servicing agency must ensurethat suchschemes arelocatedtoprimarilyserveTownshipPolicyAreas.",
18-Service-Networks.txt,"TheRegional StrategyPlanrecognises that afull rangeofreticulatedservices is required in Township Policy Areas if the environmental resources of the area are to be maintained, and that the provision of these services must be coordinated for efficiency purposes andinrecognitionoftheenvironmental andotherneeds oftheRegion.",
18-Service-Networks.txt,"18.07 Public works and undertakings Government Departments, public authorities and Councils who propose to carry out works and undertakings in the Region, of the type or in the areas specified below, must obtain the approval of the relevant local Council, and must have regard to any requirements ofthat Council:  Intermediate Utility Installation (Electrical); being an electricity powerline or substation operating at a voltage of more that 22,000 volts and less than 220,000 volts.",
18-Service-Networks.txt,· Withinalandscapeorarea‘classified’or‘recorded’bytheNational Trust ofAustralia(Victoria).,
18-Service-Networks.txt,Although it is recognised that the continued presence of the existing four towers at Mt.,
18-Service-Networks.txt,"80 REGIONALSTRATEGYPLAN - SERVICENETWORKS 18.04 Primary Purpose - Utility Services The planning, design and construction of utility services, and the timing of their installation, must be consistent with the maintenance of environmental features, must aim to minimise the effect on the landscapes of the Region, and must not conflict with theimplementationofpolicies aimedat containingurbangrowth.",
18-Service-Networks.txt," In anyabove ground facility, non-reflective materials and colour tones which are in sympathy with the landscape within which the facilityis to be situated should be used, and locating all above ground facilities awayfrom ridge lines and other sensitivelandscapes orenvironments.",
18-Service-Networks.txt, All works andundertakings inthefollowingareas: · Mt DandenongRidgeArea.,
18-Service-Networks.txt," Before any earthworks are carried out, soil and leaf litter from indigenous species must be saved for respreading later as part of the necessaryrehabilitation andreplantingcomponent ofanyworks proposal;  Siting of new minor utility services in a manner which minimises the visual and environmental effects of such services.",
18-Service-Networks.txt,"In consulting on any works or undertakings, the electricity supply authority must advise of:  the nature of the works proposed and the objective to be achieved by those works;  the extent of tree/vegetation trimming and removal required for the works, based on the ‘Code of Practice’, for both a three year and a one year return period for clearinglines ofthosetrees/vegetation,and  alternative alignments and/or construction methods (including underground cable and aerial bundled cable) which would achieve the objective sought bythe works, andtheimplications (includingcosts)ofthosealternatives.",
18-Service-Networks.txt,The power line presently on the western face of the Dandenong Ranges between Glasgow Road and Ridge Road must be relocated andthepresent easement rehabilitated andrevegetatedwithindigenous vegetation.,
18-Service-Networks.txt,"The Ash Wednesdaybushfires have made the communityaware of concerns for the way reticulated power is supplied, and the maintenance implications of that choice.",
18-Service-Networks.txt,"18.05 Regional Policies - Utility Services All works and undertakings carried out (or proposed to be carried out) by any Government Department, public authority or Council must, unless otherwise provided byspecific policies in this Regional StrategyPlan, complywith the policies which apply to the use and development of land of the policy area within which such works or undertakings areproposedtobecarriedout.",
18-Service-Networks.txt,"Transmission line poles, towers and conductors of improved design andlowvisual impact must beused.",
18-Service-Networks.txt,There must be greater encouragement given to the increased use of underground cables forthesupplyandreticulationofelectricity.,
18-Service-Networks.txt,"When planning, designing or allocating expenditure for new or improved utility services, it must be demonstrated that such schemes principally serve Township Policy Areas, do not have a development-inducing effect outside those areas, and do not have a detrimental impact ontheenvironment orlandscapeoftheRegion.",
18-Service-Networks.txt,· Withinoradjacent toaSiteofCultural Significance.,
18-Service-Networks.txt,Themaintenanceofexistingutilityservices andeasements must beundertaken in such a waythat anyexisting or potentiallyadverse visual or environmental effects are minimised.,
18-Service-Networks.txt,"18.08 Works and undertakings associated with the supply of electricity In addition to any other requirement of the Regional Strategy Plan, electricity supply authorities must consult withtherelevant local Council duringtheplanningoftheworks and undertakings of the type or in the areas specified below, and must have regard to any requirements of that Council and must ensure that the works or undertakings are in conformitywiththeRegional StrategyPlan:  All works and undertakings associated with the keeping of electricity lines and assets clear of trees and other vegetation, unless such works are low voltage supply improvements and/or extensions (both over-head lines and underground cable);  Maintenance programs for routine tree trimming and removal must be in accordance with the ‘Code of Practice for Tree Clearing’, and where necessary, special attention (in accordance with the Code of Practice) must be given to 83 REGIONALSTRATEGYPLAN - SERVICENETWORKS botanically, historically or aesthetically significant stands of trees, and to trees within or adjacent to National Trust of Australia (Victoria) ‘classified’ or ‘recorded’landscapes.",
18-Service-Networks.txt,"Where a reticulated sewerage system is not provided, all wastes emanating from the use or development of land must be capable of being treated on that land, with the effluent beingeithercontainedwithinthelandordisposedoftoanapproveddischargepoint.",
18-Service-Networks.txt,"When a refuse disposal site has reached its capacity, or is no longer required for that purpose, it must be rehabilitated to becompatiblewiththesurroundingareas.",
18-Service-Networks.txt,· PuffingBillyRailwayPrimaryScenicCorridor.,
18-Service-Networks.txt,"As a long term policy, the electricity supply authorities must plan for the removal or undergrounding of all power lines on the western and north western faces of the Dandenong Ranges, so as to remove potential fire ignition hazards and to enhance the important landscapevalues ofthearea.",
18-Service-Networks.txt,"Dandenong is currentlynecessaryfor communications purposes, the opportunitya multi tower system gives for proper maintenance, upgrading and possible future replacement, must beconsidered.",
18-Service-Networks.txt,"86 REGIONALSTRATEGYPLAN - SERVICENETWORKS 18.14 Telecommunication facilities in the Dandenong Ranges The significant landscape character of the Dandenong Ranges must be protected and enhanced when consideration is being given to the siting, design and construction of telecommunications towers, masts orfacilities.",
18-Service-Networks.txt,81 REGIONALSTRATEGYPLAN - SERVICENETWORKS  Giving priority in the rehabilitation and enhancement of existing utility services to those services that have a major adverse effect on the landscape and/or the environment oftheRegion.,
18-Service-Networks.txt, Revegetating (with indigenous species) and rehabilitating sites as part of any works proposal.,
18-Service-Networks.txt,18.09 Removal of overhead powerlines from the Dandenong Ranges (North and Western faces) The adverse visual effects and the potential fire ignition hazards caused by overhead power lines located on the western and north-western faces of the Dandenong Ranges must beamelioratedandtheremust benofurtheroverheadlines constructedinthis area.,
18-Service-Networks.txt,· WithinaSiteofNatural Significance.,
18-Service-Networks.txt,"Any proposal for the establishment of, or extension to, a telecommunication facility, or any proposal for a telecommunication works and undertaking for a Government Department,PublicAuthorityorCouncil,must demonstratethat:  thereis aneedforthefacilityat theparticularlocation;  joint usecannot bemadeofotherexistingfacilities;  the visual impact of the proposed facility will not adversely affect the landscape ofthearea;  the use of non-reflective materials, in subdued colour tonings, is made whenever possible;  theusewill bemadeofirregularclearingpatterns, whereclearingis required;  clearing of trees/vegetation is limited to a level consistent with the slope of the land, the need to prevent soil erosion, the need to protect and enhance the environmental andlandscapevalues ofthearea,andtheefficient operationofthe utility;  revegetation and rehabilitation of sites will occur after the works are completed (andas part oftheworks contract);  the location of facilities upon highly visible escarpments or upon ridge lines is avoided; and  any obtrusive impacts of proposed facilities on the visual amenity of the area (such as where they traverse escarpments or cross ridgelines) are reduced by the plantingofvegetationscreens.",
18-Service-Networks.txt,"In determining whether the development and operation of a proposed refuse disposal siteis appropriate,regardmust behadtothefollowing:  the proximityof theproposedsitetoresidential areas andthelikelyimpact ofthe useonthoseresidential areas;  the existence, or the ability to provide, vegetation which will create visual screening of the proposed site from adjacent areas and the need to protect and reinforcesuch screenplanting;  theneedtoprovideforadequatefireprotectionandprevention; 85 REGIONALSTRATEGYPLAN - SERVICENETWORKS  the intended method, and its adequacy, of preventing groundwater and surface waterpollution;  the provision ofall-weathervehicularaccess andthemannerinwhichtrafficwill access the site and the need to provide adequate management of that traffic so that there is not an adverse impact on adjacent and other affected roads, land users andresidents;  the extent of tree and vegetation removal required and the likely impact of that removal onthesiteandadjoiningareas;  preventingadverse effects of dust,smell,noiseandotherimpacts onsurrounding areas andtheeffects ofprevailingwindpatterns; and  theneedtoprovidefortherecyclingofwasteproducts.",
18-Service-Networks.txt,18.13 Regional policy - Telecommunication facilities Telecommunication facilities must be located and constructed in a manner which protects the landscapes of the Region.,
18-Service-Networks.txt,"When formulating proposals for extensions to existing refuse disposal sites, or selection of new sites, consideration must be given to adopting an approach to waste disposal which involves the cooperation of the Councils in the Region.",
18-Service-Networks.txt,"Proponents for new, and for the extension and maintenance of existing, telecommunications facilities within the Region must demonstrate that adverse visual and environmental effects will not occur from the development,use,extensionormaintenanceofthosefacilities.",
18-Service-Networks.txt,"In especially sensitive areas, consideration must be given to the undergrounding of services where this will result inless visual orenvironmental impact.",
18-Service-Networks.txt,"Refuse Disposal 18.11 Primary Purpose The primary purpose of the refuse disposal policies is to ensure that all refuse disposal sites will be established and operated in a manner which protects the environment and landscapes of the Region, and which provides for the consideration of a regional approach to waste disposal as a means of reducing the adverse impacts of such activities.",
18-Service-Networks.txt,"18.03 Regional Objectives Theregional objectives forservicenetworks andutilityservices areto:  ensure that the planning, construction and maintenance of reticulated services and service networks is carried out in a way that protects the environmental and landscapevalues oftheRegion;  ensurethat theprovisionofreticulatedservices andservicenetworks aredirected towards providing for planned communities, in a manner that minimises speculativedemandforunplannedgrowth; and  facilitate the provision of a full and integrated range of reticulated services in TownshipPolicyAreas.",
18-Service-Networks.txt,"Agencies responsible for utility services must have regard to the following when planningandcarryingout maintenanceworks andactivities:  the need for revegetation (with indigenous species) of easements and road reserves withinwhichtheasset ofutilityis situated;  theuseofirregularclearingpatterns wheretreeclearingis necessary;  limiting the clearing of any trees or vegetation to a level consistent with the slope of the land, the need to prevent soil erosion, the efficient operation of the utility,andthemaintenanceoflandscapeandenvironmental values;  in anyabove ground facility, the use of non-reflective materials incolourtonings compatible with the landscape of the area within which the facility is situated; and  where existing facilities traverse visible escarpments, cross ridge lines, or otherwise obtrusively impact on the visual amenity of the area, they should be screenedbytheplantingofindigenous nativetrees andshrubs.",
18-Service-Networks.txt, Using irregular clearing patterns along easements or roads within which utility services arelocated.,
18-Service-Networks.txt," Within any area ‘declared’ under Clause 9 of the Code of Practice for Tree Clearing, as an ‘Area of Particular Significance’ (for the Dandenong Ranges or anyotherareasubsequently‘declared’).",
18-Service-Networks.txt," Telecommunication Facility; being buildings, masts, towers and the like associated with telecommunications (radio, television, microwave transmission/ receiving,etc).",
18-Service-Networks.txt,Such an approach will need to recognise the role of the Outer Eastern Refuse Disposal Group or similar organisation.,
18-Service-Networks.txt,The operation of refuse disposal sites must be in accordance with the requirements of the Environment Protection Act and the Health Act.,
18-Service-Networks.txt,"18.06 Management of utility services Government Departments, public authorities and Councils must have regard to the followingwhenplanningandmanagingworks andundertakings withintheRegion:  The need to limit the removal or pruning of trees to the minimum necessary for public safety and in such a way as to minimise any adverse visual and environmental effects.",
18-Service-Networks.txt,Utilityservices must be located to protect vegetation in road reserves and in other linear features.,
18-Service-Networks.txt,REGIONALSTRATEGYPLAN - SERVICENETWORKS 18.,
18-Service-Networks.txt,"The main regional concerns regardingservicenetworks arethepossiblegrowth-inducingeffects of additional services, and the possible detrimental impact of any new network development onthenatural andcultural environment.",
18-Service-Networks.txt,"SERVICE NETWORKS 18.01 Regional Overview Service networks are used to provide utility services, such as reticulated sewerage, electricity, pipelines for water and gas, and telecommunication installations.",
18-Service-Networks.txt," Where tree clearingis considered essential for thelocationofservices, it must be accompanied by removal of the resulting large debris to reduce the immediate visual impact of the operation, and by the replanting of appropriate indigenous nativespecies tolessentheimpact oftheworks.",
18-Service-Networks.txt,"Dandenong Ridge Area, and when replacement or reconstruction of an existing tower or mast is proposed, the agency, person or body proposing those works must demonstrate that consolidation of the facilities on another existing tower cannot be satisfactorily achieved.",
18-Service-Networks.txt," Rivers, watercourses and streams; being any works or undertakings relating to utility services within any river, stream or watercourse - or on the banks or within30m ofthebanks ofanyriver,stream orwatercourse.",
18-Service-Networks.txt," Educational facility; being a new, or the extension of an existing, educational facility (whether it be public or private), including a primary school, secondary/ highcollegeandtertiaryinstitution.",
18-Service-Networks.txt,"18.02 Primary Purpose The primary purpose of the service networks policies is to ensure that the provision of appropriate and adequate utility services and that the future development of service networks is compatible with the level ofdevelopment specifiedbytheRegional Strategy Plan, and that the environmental values of the Region are protected from inappropriate location,constructionandmaintenanceofthosenetworks.",
18-Service-Networks.txt," Major Utility Installation/Major Works & Undertakings; being a utility installationwhichis: · anelectricitygeneratingworks, anelectrical substationoperatingat a voltageof220,000volts ormore; 82 REGIONALSTRATEGYPLAN - SERVICENETWORKS · awatersupplyreservoir,servicebasinorpumpingstation,awatersupply headworks mainorareticulatedmainwithadiameterexceeding300mm; · agas holder,generator,areticulationorsupplymain(includingnatural gas)withadiameterof200mm orgreater; · asewagetreatment plant orsewagestorageponds andtanks receiving sewagefrom areticulatedsystem,seweragemains withadiametergreater than300mm,sewerageplant outfalls; · garbageandrefusedisposal works; · oil pipelinewithadiameterof100mm orgreater; or · afloodretardingbasin,floodmitigationworks orthelike.",
18-Service-Networks.txt," Locating major and intermediate utility services, including overhead and underground services, to protect the landscape and environmental character of the Region.",
18-Service-Networks.txt,No additional telecommunications towers or masts may be constructed within the Mt.,
18-Service-Networks.txt,"18.12 Regional policy - refuse disposal The establishment of new, and the extension of existing, refuse disposal sites must be determined in accordance with the need to protect the Region's residential amenity, its environment,andits landscapevalues.",
18-Service-Networks.txt,"Maintaining clearance between trees and other vegetation and powerlines is necessary for public safety, and the manner in which that is achieved must recognise not only the costs, but also the alternatives tothemethodofprovidingpowerinthat location,bearing in mind the long term need to protect the environmental and landscape character of the area.",
18-Service-Networks.txt,"New utility services must, whenever possible, be sited outside vegetated road reserves and other linear easements, and where existing utilityservices are to be reconstructed or upgraded, consideration must be given to relocating those services outside vegetated roadreserves orlineareasements.",
19-Transport.txt,REGIONALSTRATEGYPLAN - TRANSPORT 19.,
19-Transport.txt,"TRANSPORT 19.01 Regional Overview The transport policies are formulated to assist the improvement of roads and public transport fortheRegion's residents andvisitors, whileminimisinganyadverseeffects on the Region's environment.",
19-Transport.txt,The policies are also designed to have regard to other State Government strategies for transport improvements within and adjacent to metropolitan Melbourne.,
19-Transport.txt,"The Region's major road network andits publictransport system servetwodistinct areas of population, a southern sector covering the southern part of the Dandenong Ranges and the much larger northern sector including the Yarra Valleyand northern Dandenong Ranges.",
19-Transport.txt,"The major arterial roads in the southern sector are the Burwood Highway, Mt.",
19-Transport.txt,Dandenong Tourist Road and the Belgrave-Gembrook Road.,
19-Transport.txt,"This sector's public transport needs are served primarily by a commuter rail link from Melbourne to Belgrave,supplementedbybus services linkingtherailwaystations.",
19-Transport.txt,"In the northern sector, major arterial roads include Canterbury/Swansea Roads, the Maroondah Highway, the Melba Highways and the Warburton Highway.",
19-Transport.txt,There is a commuter rail service from Melbourne to Lilydale and Mooroolbark.,
19-Transport.txt,"The rail service is complemented by a network of local bus services, mainly radiating from Lilydale railway station to the smaller townships along the main connecting highways and arterial roads.",
19-Transport.txt,"Parts of the Region's arterial road system are experiencing increasing traffic pressures at peak times, leading to demands for more road space and safety improvements.",
19-Transport.txt,"Such increased traffic has resulted from the combined effects of a substantial population growth, which is now expected to peak in the mid 1990s; many residents having to travel long distances towards Melbourne and its eastern suburbs for employment, post- secondaryeducation and major shopping trips; and the growingnumbers of dayvisitors whoat weekends andpublicholidays access theRegionforrecreationandtourism.",
19-Transport.txt,"In a large Region with much of its population living in scattered semi-rural areas and township fringes, many residents are completely reliant on the private motor car.",
19-Transport.txt,"Adequate public transport options are available only to those who live close to railway stations and who wish to travel to destinations towards Central Melbourne, for whom services are generally very regular and operate till late at night and at weekends.",
19-Transport.txt,"For most residents, however,thepublictransport options arelimited.",
19-Transport.txt,The Regional Strategy Plan's policies seek improved coordination and integration of a public transport system which provides better services for those without a motor vehicle.,
19-Transport.txt,"In recognition of the difficulties of justifying conventional public transport services in sparsely populated areas, they also encourage the development of demand/response services and other measures for improving access to services and facilities formoreoftheRegion's residents.",
19-Transport.txt,"REGIONALSTRATEGYPLAN - TRANSPORT 19.02 Primary Purpose The primary purpose of the transport policies is to ensure that opportunities for increased accessibilityto employment and to the Region's services and facilities byboth road and public transport are enhanced, that the road network is managed in accordance with agreed principles for its maintenance, improvement and efficient use, that road management strategies are adopted which minimise adverse social, environmental and landscape impacts, and that road reserves are managed and maintained as scenic and flora/faunaconservationresources.",
19-Transport.txt,"19.03 Coordination of transport Planning for, and the provision of, roads and public transport in the Region must be coordinated to meet the needs of the Region's residents and for visitors to the Region, in a manner consistent with conservation and environmental values, and the containment ofurbangrowthpolicies as expressedintheRegional StrategyPlan.",
19-Transport.txt,"19.04 Road management policies The management of existingroads, andtheplanningandestablishment offutureroading improvements must becoordinatedinordertoensurethat:  the function requirements of roads in the Region are met in a manner that does not result in adverse impacts on the environment, landscape or residents of the Region;  the strategic roles of major routes in the Region, that are identified in the Road ClassificationNetwork(Map5),arerecognised;  proper assessment of future major roading proposals occur in a manner that includes an evaluation of alternative proposals/alignments (including the option of not doing the works), of the likely environmental impacts of the proposals (including alternatives), and of the social and economic impacts likely to result from the proposals, so that appropriate reservations can be established and protected from inappropriate uses and development, for future major roading provisions, linkages andby-passes;  tourist buses and other very large vehicles are directed away from roads where their use would cause undue and adverse effects on residential amenity and on local environments.",
19-Transport.txt,"19.05 Road improvements In planning for road improvements, and in preparing road management strategies, Councils and other relevant public authorities and Government Departments must ensurethat:  there is consultation at an early stage in the planning process for road improvements and road management strategies so as to ensure that the proposals will conform withtheRegional StrategyPlan;  road reservations for new alignments must be included in planning schemes whenafinal routehas beendetermined; 89.",
19-Transport.txt,"REGIONALSTRATEGYPLAN - TRANSPORT  planning authorities designate roads in planning schemes consistent with the RoadClassificationNetwork(Map5);  planning authorities have regard to the Land Use and Traffic Management Guidelines for Roads (Schedule 4), when considering types of land uses to be permittedalongroads; and  in developing new road proposals, Councils, public authorities and other relevant bodies consider the needs of cyclists and pedestrians and the possible provisionofbicyclepaths.",
19-Transport.txt,"19.06 Strategic and arterial roads and long term roading proposals Public Authorities and Councils must take appropriate action to ensure that the planning for and the provision, management and maintenance of roads are in accordance with the Road Classification Network (Map 5), with the Land Use and Traffic Management Guidelines forRoads, andwiththestrategicroles ofthefollowingroads:  Maroondah Highway(to Coldstream) and Melba Highwayas the major highway route through the Region, with a high priorityfor theprovisionofalocal by-pass oftheYarraGlenTownship;  Maroondah Highway(beyond Coldstream) as the main access to Healesville and thetourist and winegrowingareas ofthat part oftheUpperYarraValley;  Warburton Highway as the main access route through the Upper Yarra Valley forresidents andtourist traffic;  Healesville - Koo Wee Rup Road as the main north-south arterial route through theRegion;  Canterbury Road and the Lilydale-Montrose Road (Swansea Road) as a major traffic link between the eastern metropolitan suburbs and the Maroondah Highwayat Lilydale; and  Burwood Highway, Wellington Road, CanterburyRoad, Mt.",
19-Transport.txt,"Dandenong Tourist Road, Monbulk Road and the Eltham-Yarra Glen Road as major supplementary routes formetropolitanrecreational andtourist trafficintotheRegion.",
19-Transport.txt,"Relevant Public Authorities and planning authorities must cooperate to investigate, evaluate and make provision for the following long term roading proposals, which must beinconformitywiththeRegional StrategyPlan:  a Northern Arterial route linking Melbourne's northern urban fringe municipalities andterminatingintheRegion;  the proposed ""Healesville Freeway"" route from Springvale Road through Heathmont, Bayswater and Kilsyth to Mooroolbark Road, including the roading requirements foraccess toandthedispersal oftrafficfrom,the`freeway';  alocal by-pass oftheHealesvilletownship; and  provision of a connecting route from Lilydale-Montrose Road (Swansea Road) to the Warburton Highway at Wandin North, generally along the alignment of York,MonbulkandCleggRoads.",
19-Transport.txt,"REGIONALSTRATEGYPLAN - TRANSPORT 19.07 Protection of environmental and social values The planning, design and construction of all roadworks and road maintenance must be undertaken in ways which minimise possible adverse impacts on the Region's social and physical environments andlandscape,so that:  adverse effects on local communities, suchas noise,safety,andinterferencewith pedestrianmovement,areminimised;  emphasis is generally given to road maintenance and improvements for safety purposes, which are consistent with traffic requirements, rather than attempting toincreaseoverall vehiclespeedand/orcapacitycharacteristics;  for local roads within Township and Landscape Living Policy Areas, consideration is given to imaginative street and pathway schemes which make these roads safe and attractive, which maintain and enhance the character of the local environment, which provide safe and convenient bus stop bays, and which provide, where appropriate, for the integration of bicycle paths serving transport and/orotherrecreational functions;  the landscape and environmental character of roadsides is preserved, and where possible enhanced, by the maintenance of roadside vegetation, and by designing newroadworks toblendwithsurroundinglandforms;  roadsides are rehabilitated as part of any roadworks, by replacing brush and topsoil (stockpiled before the works) and spreadingthese over batter slopes, and, where appropriate, planting with trees, shrubs and grasses in keeping with the characterofthesurroundingarea;  the scenic and recreational values of roadsides are recognised, and appropriate locations, whichcanprovidehighqualityvistas without significant loss trees and vegetation,aremadeaccessibletothepublic;  the design and location of all signage, including information and direction signs, are compatible with local surroundings havingregardtotraffic,safetyandvisitor requirements, andcauseminimal adverseimpact onthelandscape; and  the alignment and level of any new road construction does not significantly increase the level of local flooding or cause significant adverse effects on water quality; Councils and other relevant Public Authorities, and having regard to the needs of local communities, are encouraged to prepare management guidelines for the minimising of adverse impacts on the Region's social and physical environments and landscapes, causedbyroadworks andbyroadsidesigns.",
19-Transport.txt,"19.08 Significant Roadworks The following roads are of special significance in the Region because of their importance for their landscape, environmental, tourism, recreational or traveller experience values, which must be given particular attention when road improvement works arebeingplanned.",
19-Transport.txt,"With the exception of routine pavement and drainage maintenance, and pavement reconstruction and resealing where there is no widening or realignment involved, 91.",
19-Transport.txt,"REGIONALSTRATEGYPLAN - TRANSPORT Government Departments, Public Authorities and Councils who propose to carry out works and undertakings on the following roads must consult with the relevant local Council during the planning of those works, and must have regard to any requirements of that Council, and must ensure that the works or undertakings are in conformity with theRegional StrategyPlan: MaroondahHighway BurwoodHighway MelbaHighway WarburtonHighway Myers CreekRoad,northoftheWatts River.",
19-Transport.txt,Healesville-KooWeeRupRoad CanterburyRoad Lilydale-MontroseRoad(SwanseaRoad) Healesville-KinglakeRoad.,
19-Transport.txt,"DonRoad,southofBadgerWeirRoad.",
19-Transport.txt,"WellingtonRoad Eltham-YarraGlenRoad CambridgeRoad YorkRoad CleggRoad Inverness Road Mt.DandenongTourist Road Olinda-MonbulkRoad Olinda-BasinRoad Lilydale-MonbulkRoad EdinburghRoad Belfast Road RidgeRoad(Mt.Dandenong/Olinda) KillaraRoad GrantullaRoad Belgrave-GembrookRoad Sassafras CreekRoad/TheCrescent Emerald-MonbulkRoad GlenfernRoad MonbulkRoad Macclesfield-YellingboRoad SherbrookeRoad MountainHighway Perrins CreekRoad Kallista-EmeraldRoad RidgeRoad(Kallista) LysterfieldRoad DonRoad(WarburtonHighwaytoPantonGap) AcheronWay Marysville-Woods Point Road Warburton-Woods Point Road YarraJunction-NoojeeRoad LaunchingPlace-GembrookRoad Mt.DonnaBuangRoad(WarburtontoPantonGap) 19.09 Roads and roadworks in the Dandenong Ranges All roads androadworks intheMt.DandenongRidgeAreamust:  be planned, designed, constructed and maintained so as to recognise the roadside vegetation, landscape, environment and views as assets to be protected and enhanced, to preserve the aesthetic experience for the tourist (driver, passenger, rider and walker), whilst providing safe travel conditions and minimising adverseimpacts onlocal communities.",
19-Transport.txt, generallybeconfinedwithintheexistingformationwidths oftheroad; and  provideatrafficcapacityrestraint inareas ofhightrafficload.,
19-Transport.txt,"Roadworks within this area must be undertaken in such a way that the non urban character of the area is maintained and that kerb and channel, channelisation and street lighting(otherthanforpedestrianpurposes)areusedonlywherenecessary.",
19-Transport.txt,"REGIONALSTRATEGYPLAN - TRANSPORT 19.10 Roads in Rural Policy Areas and Landscape Living Policy Areas Roadworks within Rural Policy Areas and Landscape Living Policy Areas, outside the Mt.",
19-Transport.txt,"Dandenong Ridge Area, must be carried out in a manner which maintains the existing road network, which recognises the need for multiple-use of road reserves, and whichprotects andenhances thelandscapeandenvironmental values ofthearea.",
19-Transport.txt,"19.11 Public Land Roads Roadworks within Public Land Policy Areas must be undertaken in a manner which ensures that the character of the existing road network and its compatibility with adjoining land is maintained, and that the landscape and environmental values of Public Landareprotectedandenhanced.",
19-Transport.txt,Public Authorities must haveregardtotherequirements ofthis policyandtothepolicies that apply to roadworks in Rural and Landscape Living Policy Areas when formulating proposals forroadworks onPublicLand.,
19-Transport.txt,"Roadworks in Public Land Policy Areas must conform with the requirements for roadworks intheMt DandenongRidgeArea,except forthosethat relateto:  construction of access tracks for fire prevention and for the maintenance of services byserviceagencies;  maintenance of the road pavement and drainage facilities within the limits defined by table drains and/ or formation shoulders, including the pruning of overhanging vegetation to the minimum compatible with safety and in such a wayas tominimiseanyadversevisual effects;  provision of minor traffic items such as lane marking or signs relating to the operationandconstructionofaroad; and  snowclearing.",
19-Transport.txt,"19.12 Public Transport - General Policies To ease problems of accessibility and to assist in the conservation of fuel, public transport services and facilities in the Region must be maintained, and where possible improved,tomeet theneeds ofpublictransport users, includingas appropriate:  extensionofpublictransport services;  integrationofbus andrail schedules;  improved car parking provisions and other interchange facilities at railway stations;  provisionofbetterpublictransport informationsystems; and  promotion aimed towards improved patronage of existing bus, rail and other publictransport services.",
19-Transport.txt,"REGIONALSTRATEGYPLAN - TRANSPORT 19.13 Coordination of Public Transport Public transport authorities and Government Departments, when planning and programming public transport services and facilities, must consult with Councils and otherrelevant publicauthorities andmust giveparticularattentionto:  the establishment and/or continued operation of modal interchanges within the Lilydale District Centre and at a suitable location in the Upper Ferntree Gully area, ensuring that the existing level of train service to Belgrave is not jeopardised;  the improvement of existing public transport services in Township PolicyAreas, andtheextensionofthoseservices toareas not adequatelyservedat present;  an investigation of the feasibility and viability of demand-responsive schemes (such as Telebus), and, where appropriate, a review of the existing subsidy provisions to provide for continued operation and expansion of such schemes in thefuture;  incorporation of bus route planning input into the preparation of Local Structure Plans in Township Policy Areas, or of overall structure plans for other new areas, and ensuring careful design of new subdivisions and development proposals; and  investigation of options for improvement to commuter services to Yarra Glen, HealesvilleandtotheUpperYarraValley.",
19-Transport.txt,"19.14 Aircraft Landing Areas and Aerodromes Further provision or expansion of Authorised Landing Areas or the creation of Licensed Aerodromes in the Region must be discouraged, and operators and users of existing Authorised Landing Areas must be encouraged to enhance the amenity and safety for residents in the vicinityof thoseAuthorisedLandingAreas byimplementingappropriate controls on the use of these facilities, especially with respect to such matters as aircraft weight andtype,flyingtraining,hours ofoperation,andlowaltitudeflyingpractice.",
19-Transport.txt,"Planning authorities must ensure that the use, development or expansion of Authorised Landing Areas and/or Licensed Aerodromes is subject to a planning approval and to conditions which control the use of these facilities, especially with respect to such matters as aircraft weight and type, flying training, hours of operation, and low altitude flyingpractice.",
20-Fire-Management.txt,REGIONALSTRATEGYPLAN - FIREMANAGEMENT 20.,
20-Fire-Management.txt,FIRE MANAGEMENT 20.01 Introduction The Region is recognised as being among one of the most fire prone areas in the world.,
20-Fire-Management.txt,"In manyparts of the Region, and in particular the Dandenong Ranges, there is a conflict between the need to minimise wildfire risk and the desire of people to live in a bushland environment.",
20-Fire-Management.txt,"In such areas, fire prevention work, including vegetation removal, must bebalancedwiththeneedtoprotect thecharacterofthearea.",
20-Fire-Management.txt,Major statutory responsibility for wildfire prevention and suppression rests with the Department of Conservation and Natural Resources and the Country Fire Authority.,
20-Fire-Management.txt,Melbourne Water is also involved in fire prevention and suppression on land under its control.,
20-Fire-Management.txt,"There are well established procedures for cooperation and coordination of wildfire prevention and suppression within the Region, involving Councils, police, and other emergencyservices and the Regional and Local AdvisoryCommittees established under theCountryFireAuthorityAct.",
20-Fire-Management.txt,"Research following the disastrous fires of Ash Wednesday (in February 1982), demonstrated that further attention needs to be paid to the way that buildings are sited and constructed, and to the need for management for fire protection purposes, particularly around the home.",
20-Fire-Management.txt,"At the same time, there is a need to more adequately refinetheways bywhichtherisk ofwildfireis identified.",
20-Fire-Management.txt,"20.02 Primary Purpose The primarypurpose for the fire management policies is to support the prevention and suppression of wildfire and the provision of effective fire prevention measures, whilst at the same time ensuring that detrimental effects of fire prevention works on the Region's environment, on water yields and water quality from the Region's catchments, are minimised.",
20-Fire-Management.txt,"They are also intended to assist in informing the Region's residents and visitors of fire hazards, and the implications of these hazards for life, property, landscapeandenvironmental maintenance.",
20-Fire-Management.txt,"20.03 Regional policies - wildfire prevention and suppression Wildfire prevention and suppression must be coordinated, and Public Authorities, Councils andplanningauthorities must haveregardto:  theneedtoprotect life,propertyandotherresources from wildfires;  theneedforresidents andvisitors tobemadeawareofthethreat ofwildfire;  proposals foruseordevelopment infireproneareas;  the potential for detrimental environmental change which can be caused by fire preventionandfireprotectionworks; and  the preservation of native flora and fauna, wildlife habitats, water quality and wateryield,andsceniclandscapes.",
20-Fire-Management.txt,REGIONALSTRATEGYPLAN - FIREMANAGEMENT Wildfire prevention and suppression must continue to be provided through existing agencies andcoordinationsystems.,
20-Fire-Management.txt,20.04 Fire protection management All fire protection works undertaken or authorised by Municipal and Regional Fire Prevention Committees and by Government Departments and Public Authorities must beinaccordancewithFireProtectionPlans preparedbythesebodies.,
20-Fire-Management.txt,"Matters tobeaddressedintheFireProtectionPlans include:  theobjectives forfirepreventionandsuppression;  areas withintheRegionwhicharemost pronetoserious wildfire;  strategic and tactical firebreaks, and buffer zones adjacent to those concentrations ofpopulationwhichwouldbethreatenedbywildfire;  fireaccess roads andmaintenanceoffireaccess tracks;  watersupplypoints;  areas where frequent fuel reduction will be required, including areas where environmental and/or landscape features require restraint in fire prevention works; and  identification of bodies responsible for management of wildfire suppression and control activities.",
20-Fire-Management.txt,"Fire prevention agencies must take special care in planning and carrying out fire preventionworks relatingto:  landwithintheMt.DandenongMainRidgearea;  landwithinthePuffingBillyRailwayScenicCorridor;  land within a Sites of Natural Significance or within, or in the immediate environs of,aSiteofCultural Significance;  landscapes ‘classified’ or ‘recorded’ by the National Trust of Australia (Victoria);  matters which may affect the maintenance of water quality and water yield from theRegion's catchment; and  roadsides throughout theRegion.",
20-Fire-Management.txt,"20.05 Fire fuel reduction methods The effects on natural eco-systems of ""fuel reduction cool-burning"" (particularly high frequency burning) and of ""fuel reduction slashing"" must be investigated by those responsible for fire management and prevention, in consultation with appropriate agencies andorganisations.",
20-Fire-Management.txt,"Where it is shown to detrimentally affect the Region's native vegetation, fauna, wildlife habitats or water quality and water yield, the frequency and extent of burning and/or slashingmust bere-assessed.",
20-Fire-Management.txt,REGIONALSTRATEGYPLAN - FIREMANAGEMENT 20.06 Land required for fire management The Dandenong Ranges are a complex mosaic of natural areas and residential precincts.,
20-Fire-Management.txt,Theyare recognised as one of the most fire hazardous areas of the world.,
20-Fire-Management.txt,Various areas in the Dandenong Ranges support vegetation communities that are very inflammable and many are valued for natural characteristics.,
20-Fire-Management.txt,"Residents live within and around these areas, and the environment that attracted them to the area can be placed at risk by their activities.",
20-Fire-Management.txt,"At the same time, the people themselves can be threatened by that environment.",
20-Fire-Management.txt,"It is recognised and noted that people making the decision to live and work in this fire prone environment, whereby the intensity of fire may be high during the event of a bushfire, do so at their own risk.",
20-Fire-Management.txt,Fire safety of residents living within the Dandenong Ranges is primarilytheresponsibilityoftheindividual todecide.,
20-Fire-Management.txt,In times of bushfire it must be realised by the community that the fire services cannot make a commitment to protect all life and property within the area.,
20-Fire-Management.txt,"To cope with this situation, the Government has carried out a land purchase program for many years with theobjectiveofprotectingenvironmental resources andreducingthefirehazard.",
20-Fire-Management.txt,20.07 Land purchase for fire management The Department of Conservation and Natural Resources must identify those lots the Government intends to purchase.,
20-Fire-Management.txt,These lots will be reserved in the local sections of planning schemes as Proposed Public Open Space to ensure that owners have appropriateprotectionoftheirinterests.,
20-Fire-Management.txt,The Government maypurchase other land from time to time on the open market when it becomes availableat thediscretionoftheowners.,
Am-122-Upper-Yarra-Valley-and-Dandenong-Ranges-RSP-Amendment.txt," Encourage coordination of the planning, provision and promotion of recreation and tourism facilities in the Region.",
Am-122-Upper-Yarra-Valley-and-Dandenong-Ranges-RSP-Amendment.txt,"UpperYarraRiver- Stretchofintact riparianvegetation,linkedto Warburton toMcMahons extensivetracts ofindigenous forest.",
Am-122-Upper-Yarra-Valley-and-Dandenong-Ranges-RSP-Amendment.txt,The policies now in place will ensure the on-going implementation of the Special StudyAreas previouslyidentified and will provideforthe resolution of further areas that may be identified as needing similar management programs.,
Am-122-Upper-Yarra-Valley-and-Dandenong-Ranges-RSP-Amendment.txt,Refer also Am 32.,
Am-122-Upper-Yarra-Valley-and-Dandenong-Ranges-RSP-Amendment.txt,Macclesfield bushland RB Sb3 27.,
Am-122-Upper-Yarra-Valley-and-Dandenong-Ranges-RSP-Amendment.txt,"117 Lot 3 Holloway Rd, Wodonga Park.",
Am-122-Upper-Yarra-Valley-and-Dandenong-Ranges-RSP-Amendment.txt,"The Primary Scenic Corridor, which denotes those areas in the immediate vicinity of the Puffing Billy Railway Line, is where use and development would potentially have thegreatest visual impact.",
Am-122-Upper-Yarra-Valley-and-Dandenong-Ranges-RSP-Amendment.txt,"In addition, there is significant tourist activity associated with the Yarra Valley wine industry.",
Am-122-Upper-Yarra-Valley-and-Dandenong-Ranges-RSP-Amendment.txt,"3.18 Other policies applying to Township Policy Areas In addition to the policies contained within this chapter, Township Policy Areas may also beaffectedbypolicies applyingto:  PublicLand  Management ofSites ofNatural SignificanceandofNativeVegetation  Management ofSites ofCultural Significance  PuffingBillyRailwayScenicCorridor  FloodplainManagement Areas; Special StudyAreas  HumanServices  Commercial Centres  ManufacturingandIndustry  Extractiveindustry,Mining&Soil Removal  RecreationandTourism  WaterResources  ServiceNetworks  Transport  FireManagement;  ScheduleOne-StatePlanningPolicies fortheRegion  Schedule Five - List of Environmental Weeds for the Upper Yarra Valley & DandenongRanges Region  Schedule Six - Exemptions to the policies or provisions under the Regional StrategyPlan.",
Am-122-Upper-Yarra-Valley-and-Dandenong-Ranges-RSP-Amendment.txt,YellingboStateFaunal Reserve N Sb7 &Woori Yallock Creek corridor 2.,
Am-122-Upper-Yarra-Valley-and-Dandenong-Ranges-RSP-Amendment.txt,Rural Conservation Policy Areas Overview The Rural Conservation Policy Area covers generally steep and forested land.,
Am-122-Upper-Yarra-Valley-and-Dandenong-Ranges-RSP-Amendment.txt,"Further research into the Yarra River and its tributaries, particularly the Yarra Valley wetlands, including measures for protection and rehabilitation of natural habitats and systems, shouldbeencouraged.",
Am-122-Upper-Yarra-Valley-and-Dandenong-Ranges-RSP-Amendment.txt,In recent years the growingofgrapevines intheHoddles Creekareahas gainedsomeprominence.,
Am-122-Upper-Yarra-Valley-and-Dandenong-Ranges-RSP-Amendment.txt,79 Corrections to Lilydale L106 Amendment no.,
Am-122-Upper-Yarra-Valley-and-Dandenong-Ranges-RSP-Amendment.txt,109 Silvan No 2 site.,
Am-122-Upper-Yarra-Valley-and-Dandenong-Ranges-RSP-Amendment.txt,The Warramate Hills and Mt.,
Am-122-Upper-Yarra-Valley-and-Dandenong-Ranges-RSP-Amendment.txt,"N National S State RA Regional -A RB Regional -B L Local NOTES: From time to time, and on the basis of further research, additional sites and features and maybeidentifiedandaddedthosetothis Schedule.",
Am-122-Upper-Yarra-Valley-and-Dandenong-Ranges-RSP-Amendment.txt,"This is to ensure the recognition of regional and local priorities, to assist in the proper allocation of available resources, and to enable the assessment and addressing of possible impacts on the residents, landscapes and environment of the Region.",
Am-122-Upper-Yarra-Valley-and-Dandenong-Ranges-RSP-Amendment.txt,REGIONALSTRATEGYPLAN - SCHEDULETHREESITESOFNATURALSIGNIF.,
Am-122-Upper-Yarra-Valley-and-Dandenong-Ranges-RSP-Amendment.txt,Policies for Rural land based on further development and strengthening of the policies whichhavebeeninplacesincetheapproval oftheRegional StrategyPlanin1982.,
Am-122-Upper-Yarra-Valley-and-Dandenong-Ranges-RSP-Amendment.txt,(Ministerial 'Hardship' P3.218/A3.2 amendment) 18 Amendment no.9 26 JUN 1985 85/1124 18 JUN 1985 An amendment (Section 20) Affected - 66/2410 to allow a house to be policy; constructed (and 'tenement P3.22/A3.22 holding' split) in Mt.Evelyn.,
Am-122-Upper-Yarra-Valley-and-Dandenong-Ranges-RSP-Amendment.txt,(Yarra Ranges C20) Amendment no.,
Am-122-Upper-Yarra-Valley-and-Dandenong-Ranges-RSP-Amendment.txt,"84 Little Yarra Rd, Poweltown (map amendment) Amendment no.",
Am-122-Upper-Yarra-Valley-and-Dandenong-Ranges-RSP-Amendment.txt,Lowes Road Extensiveintact stands ofadistinctive floristicvariant ofSclerophyll Woodland.,
Am-122-Upper-Yarra-Valley-and-Dandenong-Ranges-RSP-Amendment.txt,"On the advice of the Department of Conservation and Natural Resources, planning authorities and Melbourne Water must carefully control uses and activities within local catchments, which may have detrimental effects on water quality andyields.",
Am-122-Upper-Yarra-Valley-and-Dandenong-Ranges-RSP-Amendment.txt,"The Region's major populated areas are adjacent to its western boundary, and include Lilydale, the predominantly metropolitan urban areas of Chirnside Park, Mooroolbark and Kilsyth and the residential corridor between Upper Ferntree Gully and Belgrave.",
Am-122-Upper-Yarra-Valley-and-Dandenong-Ranges-RSP-Amendment.txt,"New provisions under the Planning and Environment Act 1987will provideanon-goingrolefortheRegional StrategyPlan,as a policy document setting ‘regional’ direction for local sections of planning schemes withintheRegion.",
Am-122-Upper-Yarra-Valley-and-Dandenong-Ranges-RSP-Amendment.txt,"9.03 Management of use and development within the Puffing Billy Railway Scenic Corridor The protection and conservation of landscapes within, and the character of, the Puffing BillyRailwayScenicCorridormust beensured.",
Am-122-Upper-Yarra-Valley-and-Dandenong-Ranges-RSP-Amendment.txt,PUFFING BILLY RAILWAY SCENIC CORRIDORS 9.01 The Puffing Billy Railway Scenic Corridor The Puffing Billy Railway Scenic Corridor identifies those areas that are an important component ofthelandscapeandcharacterofthePuffingBillyRailwayLine.,
Am-122-Upper-Yarra-Valley-and-Dandenong-Ranges-RSP-Amendment.txt,4.0 The Need Statement of Planning Policy No.,
Am-122-Upper-Yarra-Valley-and-Dandenong-Ranges-RSP-Amendment.txt,REGIONALSTRATEGYPLAN - PREFACE carrying out amendments to planning schemes must therefore ensure that the amendments are consistent with and implement the policies of the Regional Strategy Plan.,
Am-122-Upper-Yarra-Valley-and-Dandenong-Ranges-RSP-Amendment.txt,"Lot 1 LP 124378, Dalry Road, Launnching Place, may be subdivided 5.17 into 2 lots subject to the grant of a permit and to an agreement under Am 86 Section 173 of the Planning & Environment Act to protect remnant vegetation.",
Am-122-Upper-Yarra-Valley-and-Dandenong-Ranges-RSP-Amendment.txt,"AlthoughshownontheMaps, thedistinction betweenthesepolicyareas is nolongerappliedintheRegional StrategyPlanpolicies.",
Am-122-Upper-Yarra-Valley-and-Dandenong-Ranges-RSP-Amendment.txt,Fire safety of residents living within the Dandenong Ranges is primarilytheresponsibilityoftheindividual todecide.,
Am-122-Upper-Yarra-Valley-and-Dandenong-Ranges-RSP-Amendment.txt, Adequate car parking for the use or development must be provided on the site; 72.,
Am-122-Upper-Yarra-Valley-and-Dandenong-Ranges-RSP-Amendment.txt,"Part Lot 27, LP 16122 Dee Road, Millgrove, being the land contained in 4.09 Certificate of Title Volume 7021, Folio 14040 may be subdivided into Am 75 lots of not less than 1000 sq m subject to the grant of a planning permit.",
Am-122-Upper-Yarra-Valley-and-Dandenong-Ranges-RSP-Amendment.txt,"Evelyn, Seville, Yarra Junction, Warburton, Healesville and Yarra Glen.",
Am-122-Upper-Yarra-Valley-and-Dandenong-Ranges-RSP-Amendment.txt,This is a Sec'n.,
Am-122-Upper-Yarra-Valley-and-Dandenong-Ranges-RSP-Amendment.txt,"1.03 Implementation of the Regional Strategy Plan The Regional Strategy Plan, with the repeal of the Authority’s Act, is now prepared, amendedand administeredunderthePlanningandEnvironment Act.",
Am-122-Upper-Yarra-Valley-and-Dandenong-Ranges-RSP-Amendment.txt,Rural landscapes are one of the Region's greatest attributes and assets.,
Am-122-Upper-Yarra-Valley-and-Dandenong-Ranges-RSP-Amendment.txt,"Landscape Living Buffer Policy Area Overview The Landscape Living Buffer Policy Areas provide a buffer between urban and rural areas to the north and west of Lilydale, to protect farming activities from incompatible urban land uses and prevent urban expansion into rural areas of the Yarra Valley.",
Am-122-Upper-Yarra-Valley-and-Dandenong-Ranges-RSP-Amendment.txt,Wandin North (Warburton Undisturbedsmall standofnativevegetation.,
Am-122-Upper-Yarra-Valley-and-Dandenong-Ranges-RSP-Amendment.txt,"53 93/0201 Allow an Indoor Recreation ** approved, not yet Centre on flood - prone incorporated in Land, Yarra Junction strategy plan Amendment no.",
Am-122-Upper-Yarra-Valley-and-Dandenong-Ranges-RSP-Amendment.txt,Both `developed' and `natural' parks within the Region attract thousands of visitors annually.,
Am-122-Upper-Yarra-Valley-and-Dandenong-Ranges-RSP-Amendment.txt,"These programs are designed to jointly satisfy the environmental impact question, and also to help landowners facing difficulties withtheseproblem subdivisions.",
Am-122-Upper-Yarra-Valley-and-Dandenong-Ranges-RSP-Amendment.txt,Hv5 Maroondah ReservoirCatchment Contains relativelyundisturbed forestedareas.,
Am-122-Upper-Yarra-Valley-and-Dandenong-Ranges-RSP-Amendment.txt,"16.15 Tourist accommodation The use or development of land for tourist accommodation must be controlled to protect the amenity of residents and the visual and environmental capacity of the area, and to ensure consideration is given to the primary purposes of the relevant policy area for the land.",
Am-122-Upper-Yarra-Valley-and-Dandenong-Ranges-RSP-Amendment.txt,"9442T3, Am 89 6 March, 1996) prepared by Millar and Merrigan, and proposed Lots 1 and 3 used for a single house, subject to the grant of a permit by the responsible authority CA 126 Badger Creek Rd, Healesville 4.09 5.17 Land generally bounded by the southern boundaries of part CA 128 Am 89 and lots 44, 45, 49, 54 and 55 and Reserve on PS 302637, Don Rd, and the northern boundary of CA 126 and Badger Creek Rd; Lot 4 and Lots 10 to 19, LP 6192 and Lots 1, 8-14 and 17, LP 51693 and CP 101585 Toora Cres; CA 105 Badger Creek Rd; CA 102 Badger Creek Rd; may be subdidvided and used for one house only if: * the proposed use and development is allowed under an approved amendment under the relevant planning scheme; * the approved planning scheme amendment has been exhibited and any submissions have been considered under Part 3 of the Planning and Environment Act Land at 59 (Lot 75 LP 9989) Coutneys Rd, Belgrave South, may be 5.17 subdivided and used for one house only if: Am 89 * the proposed use and development is allowed under an approved amendment under the relevant planning scheme; * the approved planning scheme amendment has been exhibited and any submissions have been considered under Part 3 of the Planning and Environment Act CA 46A, CA’s F F1 and 20, Parish of Nangana, Merrets Rd, 5.17 Kennedy Rd and land bounded by Cherry Rd, Spillers Rd, Am 89 Tschampions Rd, Smethurst Rd, Macclesfield, may only be subdivided and used only if: * the proposed use and development is allowed under an approved amendment under the relevant planning scheme; * the approved planning scheme amendment has been exhibited and any submissions have been considered under Part 3 of the Planning and Environment Act REGIONAL STRATEGY PLAN - SCHEDULE SIX - EXEMPTIONS TO THE R.S.P.",
Am-122-Upper-Yarra-Valley-and-Dandenong-Ranges-RSP-Amendment.txt," Where reticulated sewerage is not available, the site must be of sufficient size to enableproperon-sitetreatment anddisposal ofall wastes.",
Am-122-Upper-Yarra-Valley-and-Dandenong-Ranges-RSP-Amendment.txt,"4.05 Construction of buildings The construction of buildings, including houses and farm buildings, in Landscape Living Policy Areas must be carried out in a manner compatible with the maintenance and protection of landscape character, water resources, indigenous and significant exotic flora, indigenous fauna, and the existing residential character, as providing acceptable standards ofresidential health,safetyandamenity.",
Am-122-Upper-Yarra-Valley-and-Dandenong-Ranges-RSP-Amendment.txt,"Where a reticulated sewerage system is not provided, all wastes emanating from the use or development of land must be capable of being treated on that land, with the effluent beingeithercontainedwithinthelandordisposedoftoanapproveddischargepoint.",
Am-122-Upper-Yarra-Valley-and-Dandenong-Ranges-RSP-Amendment.txt,Intensive Agricultural 2 Policy Areas Overview The Intensive Agricultural 2 Policy Area generally comprises red soil areas at Hoddles Creek.,
Am-122-Upper-Yarra-Valley-and-Dandenong-Ranges-RSP-Amendment.txt,"41-43 Killara Road, Coldstream may be consolidated into one 4.09 parcel and be re subdivided into 2 lots if the following conditions are Am 75 met:  both new lots must have access to Killara Road;  the owners of the new lots must enter into agreements under Section 173 of the Planning and Environment Act to prohibit further subdivision of their land,  the subdivision must be subject to the grant of a permit.",
Am-122-Upper-Yarra-Valley-and-Dandenong-Ranges-RSP-Amendment.txt, Whether the subdivision of any land within the Region should be prohibited regulatedor permittedonlysubject toconditions.,
Am-122-Upper-Yarra-Valley-and-Dandenong-Ranges-RSP-Amendment.txt,74 Correction for Heritage Golf Course Amendment no.,
Am-122-Upper-Yarra-Valley-and-Dandenong-Ranges-RSP-Amendment.txt, Using irregular clearing patterns along easements or roads within which utility services arelocated.,
Am-122-Upper-Yarra-Valley-and-Dandenong-Ranges-RSP-Amendment.txt,There is evidence of greater interest in unstructured outdoor activities such as walking and cycling within `natural' settings.,
Am-122-Upper-Yarra-Valley-and-Dandenong-Ranges-RSP-Amendment.txt,UpperYarra Dam 67.,
Am-122-Upper-Yarra-Valley-and-Dandenong-Ranges-RSP-Amendment.txt,"As part of an overall economic and social development strategy, the establishment of adequate tertiaryeducation opportunities will be encouraged so as to stop the leakage of secondary school graduates (and hence future skilled workforce) from the Region, and to provide new avenues for the Region's workforce to increase and/or diversify their skills.",
Am-122-Upper-Yarra-Valley-and-Dandenong-Ranges-RSP-Amendment.txt,"It is important therefore that anynew industries to be attracted to the Region exhibit a high level of community acceptance, achieve compatibility with the environment andmaintenanceofamenity.",
Using-Victorias-Planning-System.txt,"CHAPTER 3 – Planning Permits - Page | 109 Using Victoria’s Planning System Planning and Environment Act 1987 PEA s 60(1) The PE Act specifies that the responsible authority, when deciding an application, must consider: • the relevant planning scheme • the objectives of planning in Victoria • all objections or submissions that have been received up to the time of making a decision • any decision or comment of a referral authority • any significant effects that the proposal may have on the environment, or the environment may have on the proposal • any significant social or economic effects that the proposal may have.",
Using-Victorias-Planning-System.txt,LACA ss 41–45 The principles for measuring the compensation payable on the acquisition of an interest in land are set out in the LAC Act.,
Using-Victorias-Planning-System.txt,An application that has lapsed cannot be recommenced.,
Using-Victorias-Planning-System.txt,This chapter provides a general overview of the procedures and processes in the Planning and Environment Act 1987 (PE Act) and the Victorian Civil and Administrative Tribunal Act 1998 (VCAT Act) for the independent review of planning decisions by VCAT.,
Using-Victorias-Planning-System.txt,The responsible authority must provide the VCAT Registrar with the documents and information in writing set out in VCAT Practice Note – PNPE2 within 10 business days of receiving notice of an application for review.,
Using-Victorias-Planning-System.txt,A planning permit ensures that: • land uses are appropriately located • buildings and land uses do not conflict with each other • the character of an area is not detrimentally affected • development will not detrimentally affect the environment • places of heritage significance are not detrimentally altered or demolished.,
Using-Victorias-Planning-System.txt,145 4.1.2 How is a certificate of compliance obtained?,
Using-Victorias-Planning-System.txt,"However, it must not issue the permit, notice of decision or notice of refusal.",
Using-Victorias-Planning-System.txt,These documents can be obtained on the Department of Premier and Cabinet website under ‘General Orders’.,
Using-Victorias-Planning-System.txt,Any person who is given (or ought to have been given) notice of a proposal may object to the proposal or make any other submission in relation to the proposal.,
Using-Victorias-Planning-System.txt,The main emphasis of enforcement should be on securing compliance rather than on prosecuting offenders.,
Using-Victorias-Planning-System.txt,A development agency may also compulsorily CHAPTER 6 – Acquisition and Compensation - Page | 189 Using Victoria’s Planning System acquire land that is outside an Infrastructure Contributions Plan area that is required to be set aside for a public purpose as ‘outer public purpose land’.,
Using-Victorias-Planning-System.txt,The formula for varying the compensation on this basis is set out in the PE Act.,
Using-Victorias-Planning-System.txt,161 5.2.2 Who are the parties to an application for review?,
Using-Victorias-Planning-System.txt,"The Minister is also the planning authority for land not incorporated into any municipality, such as land falling under the Alpine Resorts Planning Scheme, the Port of Melbourne Planning Scheme, and the French Island and Sandstone Island Planning Scheme.",
Using-Victorias-Planning-System.txt,"Section 173 agreements can be complex and costly to administer and are difficult to amend or end, particularly after the affected land is subdivided.",
Using-Victorias-Planning-System.txt,A responsible authority can seek an enforcement order through VCAT at the same time as it prosecutes a planning offence in the Magistrates’ Court (and seek an appropriate penalty).,
Using-Victorias-Planning-System.txt,"PEA s 96I(2) Even if no permit has been applied for, or even if a panel has not recommended the grant of a permit, the Minister may still grant a permit if the Minister considers it appropriate as a result of any changes made to the amendment during the amendment process.",
Using-Victorias-Planning-System.txt,Ministerial Direction No.,
Using-Victorias-Planning-System.txt,"PEA s156 If a panel is appointed to consider submissions, the planning authority can ask the proponent to contribute to the amount that the planning authority may be required to pay for the panel.",
Using-Victorias-Planning-System.txt,"Accessing the VPP and planning schemes The VPP and all planning schemes, including the associated maps are available on the department’s website at planning.vic.gov.au.",
Using-Victorias-Planning-System.txt,"If the prosecution is successful, an order for costs will usually be made against the defendant in favour of the person who has brought the charge.",
Using-Victorias-Planning-System.txt,"After considering the matters set out at section 178B, the responsible authority must notify the applicant and owner (if a different person to the applicant) as to whether it agrees ‘in principle’ to the proposal.",
Using-Victorias-Planning-System.txt,It is a statutory device to ensure that consistent provisions for various matters are maintained across Victoria and that the construction and layout of planning schemes is always the same.,
Using-Victorias-Planning-System.txt,Vagueness and ambiguity must be avoided.,
Using-Victorias-Planning-System.txt,"If areas of a zone or an overlay are being removed, a deletion map needs to be prepared.",
Using-Victorias-Planning-System.txt,This provides a wide scope for agreements.,
Using-Victorias-Planning-System.txt,The planning scheme should also be checked to determine whether the application is a VicSmart application because specific provisions and procedural requirements apply to these applications.,
Using-Victorias-Planning-System.txt,"2.5.2 Drafting an amendment If a council is authorised to prepare an amendment, it can proceed to finalise the amendment in readiness for commencing the formal steps in Part 3 of the PE Act.",
Using-Victorias-Planning-System.txt,"Similarly, a recommending referral authority must be given a copy of notice if it did not object to the grant of the amended permit or did not specify conditions for the amended permit.",
Using-Victorias-Planning-System.txt,"If no person is named, the responsible authority will normally send a notice only to the first named individual who signed the objection.",
Using-Victorias-Planning-System.txt,A CHAPTER 3 – Planning Permits - Page | 127 Using Victoria’s Planning System title Register Search Statement can be obtained from Land Use Victoria’s website at land.vic.gov.au.,
Using-Victorias-Planning-System.txt,"A plan cannot, however, be certified before a planning permit is issued.",
Using-Victorias-Planning-System.txt,"CHAPTER 2 - Amendments - Page | 52 Using Victoria’s Planning System Figure 2.6: Adopting or abandoning an amendment Council (the planning authority) No submissions seeking a is prepared to modify the Panel report received and change to an amendment amendment in accordance with considered by council submissions Council reviews the proposal, taking account of submissions and any panel report Adopt amendment as Adopt amendment with Abandon the amendment exhibited (s.29) modifications or in part (s.29) If the amendment was prepared at the request of a person, Council gives notice of fee to be paid (PE (Fees) Regs r.6) abandonment (s.28) Council gives notice to the Minister and via its internet site (s.28)  Does the Minister want to continue the abandoned amendment?",
Using-Victorias-Planning-System.txt,• An agreement can create positive obligations on a responsible authority or other parties and thus achieve broader planning objectives than a permit.,
Using-Victorias-Planning-System.txt,"In that case, the authority will have received a notice of refusal or a notice of decision to grant a permit.",
Using-Victorias-Planning-System.txt,"Otherwise, a planning permit application that is made as a result of the planning scheme being amended may have to be refused under section 61(4) of the PE Act.",
Using-Victorias-Planning-System.txt,The application may be dealt with under the VicSmart permit process if the applicant satisfies the responsible authority that: • the referral authority has considered the proposal within the past three months from when the application was made to the responsible authority; • the referral authority has stated in writing that it does not object to the granting of a permit; and • the written statement and plans endorsed by the referral authority are submitted with the application.,
Using-Victorias-Planning-System.txt,"PEA ss 150(4)–(5) Section 150(4) of the PE Act provides for compensation to be paid by a person if VCAT is satisfied that the person has brought proceedings vexatiously, frivolously or primarily to secure or maintain a direct or indirect commercial advantage.",
Using-Victorias-Planning-System.txt,"It is essential for a building surveyor to establish whether a planning permit is required for the demolition and, if so, whether it has been issued.",
Using-Victorias-Planning-System.txt,"PEA ss 64(3), 82, 82AAA; PE Regs regs 35, 36 Once a notice of decision has been given, the responsible authority cannot issue the permit: • until the end of the 28-day ‘review period’ – the period within which an objector or a recommending referral authority may lodge an application for review of the decision to VCAT); or • if an application for review is made within that period, until VCAT directs that a permit be issued.",
Using-Victorias-Planning-System.txt,"PEA s 174(1) Corporations Act 2001 s 127 The agreement must be in writing, made under seal and signed by all parties in the presence of at least one adult witness who is not a party to the agreement.",
Using-Victorias-Planning-System.txt,VCAT’s website provides a platform for completing application forms online and for filing them electronically.,
Using-Victorias-Planning-System.txt,PEA s 60(1B) A responsible authority must (where relevant) have regard to the number of objectors in considering whether the use or development may have a significant social effect.,
Using-Victorias-Planning-System.txt,"PEA s 60(1) Before deciding on an application, the responsible authority must consider a range of matters, as specified in section 60(1) of the PE Act.",
Using-Victorias-Planning-System.txt,Expert evidence is not required to decide most applications for review.,
Using-Victorias-Planning-System.txt,"To view a copy of this licence, visit http://creativecommons.org/licenses/by/4.0/ ISBN 978-0-7311-9368-4 (pdf/online/MS word) Disclaimer Accessibility This publication may be of assistance to you but the State of If you would like to receive this Victoria and its employees do not guarantee that the publication is without flaw of any kind or is wholly appropriate for your par- publication in an alternative ticular purposes and therefore disclaims all liability for any error, format, please email loss or other consequence which may arise from you relying on any information in this publication.",
Using-Victorias-Planning-System.txt,There are two types of VicSmart application: state VicSmart applications and local VicSmart applications.,
Using-Victorias-Planning-System.txt,................................................................................................,
Using-Victorias-Planning-System.txt,An application made to VCAT to review a decision or planning matter is an ‘application for review’.,
Using-Victorias-Planning-System.txt,44 2.7.2 Directions panel ..................................................................................................................................................................45 2.7.3 Regulation of panel proceedings ..........................................................................................................................,
Using-Victorias-Planning-System.txt,PEA s 20(4) The Minister may exempt himself or herself from the requirement to provide copies of an amendment.,
Using-Victorias-Planning-System.txt,7 Other types of applications to VCAT ..............................................................................................,
Using-Victorias-Planning-System.txt,"For example, see Calodoukas v Moreland CC (includes Summary) (Red Dot) [2010] VCAT 498.",
Using-Victorias-Planning-System.txt,This is discussed further in Chapter 8.8.,
Using-Victorias-Planning-System.txt,The responsible authority should try to foresee how the agreement will operate in the future to ensure that the need for any amendments to the agreement are minimised.,
Using-Victorias-Planning-System.txt,"3.8.7 Applications relating to marine and coastal Crown land MACA s 65 Before marine and coastal Crown land is used or developed, the written consent of the Minister responsible for the Marine and Coastal Act 2018 needs to be obtained.",
Using-Victorias-Planning-System.txt,The zones are listed in the planning scheme and each zone has a purpose and set of requirements.,
Using-Victorias-Planning-System.txt,"Generally, a direction will be given only when there is reasonable time for the planning authority to consider the submission before a panel hearing.",
Using-Victorias-Planning-System.txt,Key features of the VicSmart permit process include: • the responsible authority is expected to assess an application within 10 business days of receiving the application • the classes of application to which the process applies are set out in the planning scheme • applications are exempt from the notice requirements in section 52 of the PE Act • applications are exempt from certain decision-making considerations in sections 60 and 84B of the PE Act • the application is only assessed against specific decision guidelines set out in the planning scheme • the chief executive officer (CEO) of the council is the responsible authority for the application.,
